"VT("/VCTRL") (modelFiles=crn65gplus_2d5_lk_v1d0.scs:ss_bip,crn65gplus_2d5_lk_v1d0.scs:ss_dio,crn65gplus_2d5_lk_v1d0.scs:ss_dio_33,crn65gplus_2d5_lk_v1d0.scs:ss_mim,crn65gplus_2d5_lk_v1d0.scs:ss_dio_dnw,crn65gplus_2d5_lk_v1d0.scs:ss_dio_18,crn65gplus_2d5_lk_v1d0.scs:ss_bip_npn,crn65gplus_2d5_lk_v1d0.scs:ss_33,crn65gplus_2d5_lk_v1d0.scs:ss_rfrtmom,crn65gplus_2d5_lk_v1d0.scs:ss_mos_cap_25,crn65gplus_2d5_lk_v1d0.scs:ss_18,crn65gplus_2d5_lk_v1d0.scs:ss_disres,crn65gplus_2d5_lk_v1d0.scs:ss_res,crn65gplus_2d5_lk_v1d0.scs:ss_dio_na,crn65gplus_2d5_lk_v1d0.scs:ss_rfmos_33,crn65gplus_2d5_lk_v1d0.scs:ss_dio_hvt,crn65gplus_2d5_lk_v1d0.scs:ss_rfmvar,crn65gplus_2d5_lk_v1d0.scs:ss_rfmos_18,crn65gplus_2d5_lk_v1d0.scs:ss_na,crn65gplus_2d5_lk_v1d0.scs:ss_dio_na33,crn65gplus_2d5_lk_v1d0.scs:ss_dio_lvt,crn65gplus_2d5_lk_v1d0.scs:ss_rfres_sa,crn65gplus_2d5_lk_v1d0.scs:ss_na33,crn65gplus_2d5_lk_v1d0.scs:ss_dio_esd,crn65gplus_2d5_lk_v1d0.scs:ss_rfmim,crn65gplus_2d5_lk_v1d0.scs:ss_dio_25od33,crn65gplus_2d5_lk_v1d0.scs:ss_25od33,crn65gplus_2d5_lk_v1d0.scs:ss,crn65gplus_2d5_lk_v1d0.scs:ss_mos_cap,crn65gplus_2d5_lk_v1d0.scs:ss_dio_25,crn65gplus_2d5_lk_v1d0.scs:ss_dio_25ud18,crn65gplus_2d5_lk_v1d0.scs:ss_25,crn65gplus_2d5_lk_v1d0.scs:ss_rfmos,crn65gplus_2d5_lk_v1d0.scs:ss_25ud18,crn65gplus_2d5_lk_v1d0.scs:ss_dio_na25od33,crn65gplus_2d5_lk_v1d0.scs:ss_rfjvar,crn65gplus_2d5_lk_v1d0.scs:ss_rfmos_25,crn65gplus_2d5_lk_v1d0.scs:ss_rtmom,crn65gplus_2d5_lk_v1d0.scs:ss_na25od33,crn65gplus_2d5_lk_v1d0.scs:ss_dio_na25,crn65gplus_2d5_lk_v1d0.scs:ss_rfres_rpo,crn65gplus_2d5_lk_v1d0.scs:ss_hvt,crn65gplus_2d5_lk_v1d0.scs:ss_rfind,crn65gplus_2d5_lk_v1d0.scs:ss_rfmvar_25,crn65gplus_2d5_lk_v1d0.scs:ss_na25,crn65gplus_2d5_lk_v1d0.scs:ss_lvt,pre_simu.scs:pre_simu,VDD=0.9,ICP=0.00032,DVCO=3,temperature=125) X","VT("/VCTRL") (modelFiles=crn65gplus_2d5_lk_v1d0.scs:ss_bip,crn65gplus_2d5_lk_v1d0.scs:ss_dio,crn65gplus_2d5_lk_v1d0.scs:ss_dio_33,crn65gplus_2d5_lk_v1d0.scs:ss_mim,crn65gplus_2d5_lk_v1d0.scs:ss_dio_dnw,crn65gplus_2d5_lk_v1d0.scs:ss_dio_18,crn65gplus_2d5_lk_v1d0.scs:ss_bip_npn,crn65gplus_2d5_lk_v1d0.scs:ss_33,crn65gplus_2d5_lk_v1d0.scs:ss_rfrtmom,crn65gplus_2d5_lk_v1d0.scs:ss_mos_cap_25,crn65gplus_2d5_lk_v1d0.scs:ss_18,crn65gplus_2d5_lk_v1d0.scs:ss_disres,crn65gplus_2d5_lk_v1d0.scs:ss_res,crn65gplus_2d5_lk_v1d0.scs:ss_dio_na,crn65gplus_2d5_lk_v1d0.scs:ss_rfmos_33,crn65gplus_2d5_lk_v1d0.scs:ss_dio_hvt,crn65gplus_2d5_lk_v1d0.scs:ss_rfmvar,crn65gplus_2d5_lk_v1d0.scs:ss_rfmos_18,crn65gplus_2d5_lk_v1d0.scs:ss_na,crn65gplus_2d5_lk_v1d0.scs:ss_dio_na33,crn65gplus_2d5_lk_v1d0.scs:ss_dio_lvt,crn65gplus_2d5_lk_v1d0.scs:ss_rfres_sa,crn65gplus_2d5_lk_v1d0.scs:ss_na33,crn65gplus_2d5_lk_v1d0.scs:ss_dio_esd,crn65gplus_2d5_lk_v1d0.scs:ss_rfmim,crn65gplus_2d5_lk_v1d0.scs:ss_dio_25od33,crn65gplus_2d5_lk_v1d0.scs:ss_25od33,crn65gplus_2d5_lk_v1d0.scs:ss,crn65gplus_2d5_lk_v1d0.scs:ss_mos_cap,crn65gplus_2d5_lk_v1d0.scs:ss_dio_25,crn65gplus_2d5_lk_v1d0.scs:ss_dio_25ud18,crn65gplus_2d5_lk_v1d0.scs:ss_25,crn65gplus_2d5_lk_v1d0.scs:ss_rfmos,crn65gplus_2d5_lk_v1d0.scs:ss_25ud18,crn65gplus_2d5_lk_v1d0.scs:ss_dio_na25od33,crn65gplus_2d5_lk_v1d0.scs:ss_rfjvar,crn65gplus_2d5_lk_v1d0.scs:ss_rfmos_25,crn65gplus_2d5_lk_v1d0.scs:ss_rtmom,crn65gplus_2d5_lk_v1d0.scs:ss_na25od33,crn65gplus_2d5_lk_v1d0.scs:ss_dio_na25,crn65gplus_2d5_lk_v1d0.scs:ss_rfres_rpo,crn65gplus_2d5_lk_v1d0.scs:ss_hvt,crn65gplus_2d5_lk_v1d0.scs:ss_rfind,crn65gplus_2d5_lk_v1d0.scs:ss_rfmvar_25,crn65gplus_2d5_lk_v1d0.scs:ss_na25,crn65gplus_2d5_lk_v1d0.scs:ss_lvt,pre_simu.scs:pre_simu,VDD=0.9,ICP=0.00032,DVCO=3,temperature=125) Y","VT("/VCTRL") (modelFiles=crn65gplus_2d5_lk_v1d0.scs:tt_bip,crn65gplus_2d5_lk_v1d0.scs:tt_dio,crn65gplus_2d5_lk_v1d0.scs:tt_dio_33,crn65gplus_2d5_lk_v1d0.scs:tt_mim,crn65gplus_2d5_lk_v1d0.scs:tt_dio_dnw,crn65gplus_2d5_lk_v1d0.scs:tt_dio_18,crn65gplus_2d5_lk_v1d0.scs:tt_bip_npn,crn65gplus_2d5_lk_v1d0.scs:tt_33,crn65gplus_2d5_lk_v1d0.scs:tt_rfrtmom,crn65gplus_2d5_lk_v1d0.scs:tt_mos_cap_25,crn65gplus_2d5_lk_v1d0.scs:tt_18,crn65gplus_2d5_lk_v1d0.scs:tt_disres,crn65gplus_2d5_lk_v1d0.scs:tt_res,crn65gplus_2d5_lk_v1d0.scs:tt_dio_na,crn65gplus_2d5_lk_v1d0.scs:tt_rfmos_33,crn65gplus_2d5_lk_v1d0.scs:tt_dio_hvt,crn65gplus_2d5_lk_v1d0.scs:tt_rfmvar,crn65gplus_2d5_lk_v1d0.scs:tt_rfmos_18,crn65gplus_2d5_lk_v1d0.scs:tt_na,crn65gplus_2d5_lk_v1d0.scs:tt_dio_na33,crn65gplus_2d5_lk_v1d0.scs:tt_dio_lvt,crn65gplus_2d5_lk_v1d0.scs:tt_rfres_sa,crn65gplus_2d5_lk_v1d0.scs:tt_na33,crn65gplus_2d5_lk_v1d0.scs:tt_dio_esd,crn65gplus_2d5_lk_v1d0.scs:tt_rfmim,crn65gplus_2d5_lk_v1d0.scs:tt_dio_25od33,crn65gplus_2d5_lk_v1d0.scs:tt_25od33,crn65gplus_2d5_lk_v1d0.scs:tt,crn65gplus_2d5_lk_v1d0.scs:tt_mos_cap,crn65gplus_2d5_lk_v1d0.scs:tt_dio_25,crn65gplus_2d5_lk_v1d0.scs:tt_dio_25ud18,crn65gplus_2d5_lk_v1d0.scs:tt_25,crn65gplus_2d5_lk_v1d0.scs:tt_rfmos,crn65gplus_2d5_lk_v1d0.scs:tt_25ud18,crn65gplus_2d5_lk_v1d0.scs:tt_dio_na25od33,crn65gplus_2d5_lk_v1d0.scs:tt_rfjvar,crn65gplus_2d5_lk_v1d0.scs:tt_rfmos_25,crn65gplus_2d5_lk_v1d0.scs:tt_rtmom,crn65gplus_2d5_lk_v1d0.scs:tt_na25od33,crn65gplus_2d5_lk_v1d0.scs:tt_dio_na25,crn65gplus_2d5_lk_v1d0.scs:tt_rfres_rpo,crn65gplus_2d5_lk_v1d0.scs:tt_hvt,crn65gplus_2d5_lk_v1d0.scs:tt_rfind,crn65gplus_2d5_lk_v1d0.scs:tt_rfmvar_25,crn65gplus_2d5_lk_v1d0.scs:tt_na25,crn65gplus_2d5_lk_v1d0.scs:tt_lvt,pre_simu.scs:pre_simu,VDD=1,ICP=0.00015,DVCO=2,temperature=60) X","VT("/VCTRL") (modelFiles=crn65gplus_2d5_lk_v1d0.scs:tt_bip,crn65gplus_2d5_lk_v1d0.scs:tt_dio,crn65gplus_2d5_lk_v1d0.scs:tt_dio_33,crn65gplus_2d5_lk_v1d0.scs:tt_mim,crn65gplus_2d5_lk_v1d0.scs:tt_dio_dnw,crn65gplus_2d5_lk_v1d0.scs:tt_dio_18,crn65gplus_2d5_lk_v1d0.scs:tt_bip_npn,crn65gplus_2d5_lk_v1d0.scs:tt_33,crn65gplus_2d5_lk_v1d0.scs:tt_rfrtmom,crn65gplus_2d5_lk_v1d0.scs:tt_mos_cap_25,crn65gplus_2d5_lk_v1d0.scs:tt_18,crn65gplus_2d5_lk_v1d0.scs:tt_disres,crn65gplus_2d5_lk_v1d0.scs:tt_res,crn65gplus_2d5_lk_v1d0.scs:tt_dio_na,crn65gplus_2d5_lk_v1d0.scs:tt_rfmos_33,crn65gplus_2d5_lk_v1d0.scs:tt_dio_hvt,crn65gplus_2d5_lk_v1d0.scs:tt_rfmvar,crn65gplus_2d5_lk_v1d0.scs:tt_rfmos_18,crn65gplus_2d5_lk_v1d0.scs:tt_na,crn65gplus_2d5_lk_v1d0.scs:tt_dio_na33,crn65gplus_2d5_lk_v1d0.scs:tt_dio_lvt,crn65gplus_2d5_lk_v1d0.scs:tt_rfres_sa,crn65gplus_2d5_lk_v1d0.scs:tt_na33,crn65gplus_2d5_lk_v1d0.scs:tt_dio_esd,crn65gplus_2d5_lk_v1d0.scs:tt_rfmim,crn65gplus_2d5_lk_v1d0.scs:tt_dio_25od33,crn65gplus_2d5_lk_v1d0.scs:tt_25od33,crn65gplus_2d5_lk_v1d0.scs:tt,crn65gplus_2d5_lk_v1d0.scs:tt_mos_cap,crn65gplus_2d5_lk_v1d0.scs:tt_dio_25,crn65gplus_2d5_lk_v1d0.scs:tt_dio_25ud18,crn65gplus_2d5_lk_v1d0.scs:tt_25,crn65gplus_2d5_lk_v1d0.scs:tt_rfmos,crn65gplus_2d5_lk_v1d0.scs:tt_25ud18,crn65gplus_2d5_lk_v1d0.scs:tt_dio_na25od33,crn65gplus_2d5_lk_v1d0.scs:tt_rfjvar,crn65gplus_2d5_lk_v1d0.scs:tt_rfmos_25,crn65gplus_2d5_lk_v1d0.scs:tt_rtmom,crn65gplus_2d5_lk_v1d0.scs:tt_na25od33,crn65gplus_2d5_lk_v1d0.scs:tt_dio_na25,crn65gplus_2d5_lk_v1d0.scs:tt_rfres_rpo,crn65gplus_2d5_lk_v1d0.scs:tt_hvt,crn65gplus_2d5_lk_v1d0.scs:tt_rfind,crn65gplus_2d5_lk_v1d0.scs:tt_rfmvar_25,crn65gplus_2d5_lk_v1d0.scs:tt_na25,crn65gplus_2d5_lk_v1d0.scs:tt_lvt,pre_simu.scs:pre_simu,VDD=1,ICP=0.00015,DVCO=2,temperature=60) Y","VT("/VCTRL") (modelFiles=crn65gplus_2d5_lk_v1d0.scs:ff_bip,crn65gplus_2d5_lk_v1d0.scs:ff_dio,crn65gplus_2d5_lk_v1d0.scs:ff_dio_33,crn65gplus_2d5_lk_v1d0.scs:ff_mim,crn65gplus_2d5_lk_v1d0.scs:ff_dio_dnw,crn65gplus_2d5_lk_v1d0.scs:ff_dio_18,crn65gplus_2d5_lk_v1d0.scs:ff_bip_npn,crn65gplus_2d5_lk_v1d0.scs:ff_33,crn65gplus_2d5_lk_v1d0.scs:ff_rfrtmom,crn65gplus_2d5_lk_v1d0.scs:ff_mos_cap_25,crn65gplus_2d5_lk_v1d0.scs:ff_18,crn65gplus_2d5_lk_v1d0.scs:ff_disres,crn65gplus_2d5_lk_v1d0.scs:ff_res,crn65gplus_2d5_lk_v1d0.scs:ff_dio_na,crn65gplus_2d5_lk_v1d0.scs:ff_rfmos_33,crn65gplus_2d5_lk_v1d0.scs:ff_dio_hvt,crn65gplus_2d5_lk_v1d0.scs:ff_rfmvar,crn65gplus_2d5_lk_v1d0.scs:ff_rfmos_18,crn65gplus_2d5_lk_v1d0.scs:ff_na,crn65gplus_2d5_lk_v1d0.scs:ff_dio_na33,crn65gplus_2d5_lk_v1d0.scs:ff_dio_lvt,crn65gplus_2d5_lk_v1d0.scs:ff_rfres_sa,crn65gplus_2d5_lk_v1d0.scs:ff_na33,crn65gplus_2d5_lk_v1d0.scs:ff_dio_esd,crn65gplus_2d5_lk_v1d0.scs:ff_rfmim,crn65gplus_2d5_lk_v1d0.scs:ff_dio_25od33,crn65gplus_2d5_lk_v1d0.scs:ff_25od33,crn65gplus_2d5_lk_v1d0.scs:ff,crn65gplus_2d5_lk_v1d0.scs:ff_mos_cap,crn65gplus_2d5_lk_v1d0.scs:ff_dio_25,crn65gplus_2d5_lk_v1d0.scs:ff_dio_25ud18,crn65gplus_2d5_lk_v1d0.scs:ff_25,crn65gplus_2d5_lk_v1d0.scs:ff_rfmos,crn65gplus_2d5_lk_v1d0.scs:ff_25ud18,crn65gplus_2d5_lk_v1d0.scs:ff_dio_na25od33,crn65gplus_2d5_lk_v1d0.scs:ff_rfjvar,crn65gplus_2d5_lk_v1d0.scs:ff_rfmos_25,crn65gplus_2d5_lk_v1d0.scs:ff_rtmom,crn65gplus_2d5_lk_v1d0.scs:ff_na25od33,crn65gplus_2d5_lk_v1d0.scs:ff_dio_na25,crn65gplus_2d5_lk_v1d0.scs:ff_rfres_rpo,crn65gplus_2d5_lk_v1d0.scs:ff_hvt,crn65gplus_2d5_lk_v1d0.scs:ff_rfind,crn65gplus_2d5_lk_v1d0.scs:ff_rfmvar_25,crn65gplus_2d5_lk_v1d0.scs:ff_na25,crn65gplus_2d5_lk_v1d0.scs:ff_lvt,pre_simu.scs:pre_simu,VDD=1.1,ICP=9e-05,DVCO=1,temperature=-40) X","VT("/VCTRL") (modelFiles=crn65gplus_2d5_lk_v1d0.scs:ff_bip,crn65gplus_2d5_lk_v1d0.scs:ff_dio,crn65gplus_2d5_lk_v1d0.scs:ff_dio_33,crn65gplus_2d5_lk_v1d0.scs:ff_mim,crn65gplus_2d5_lk_v1d0.scs:ff_dio_dnw,crn65gplus_2d5_lk_v1d0.scs:ff_dio_18,crn65gplus_2d5_lk_v1d0.scs:ff_bip_npn,crn65gplus_2d5_lk_v1d0.scs:ff_33,crn65gplus_2d5_lk_v1d0.scs:ff_rfrtmom,crn65gplus_2d5_lk_v1d0.scs:ff_mos_cap_25,crn65gplus_2d5_lk_v1d0.scs:ff_18,crn65gplus_2d5_lk_v1d0.scs:ff_disres,crn65gplus_2d5_lk_v1d0.scs:ff_res,crn65gplus_2d5_lk_v1d0.scs:ff_dio_na,crn65gplus_2d5_lk_v1d0.scs:ff_rfmos_33,crn65gplus_2d5_lk_v1d0.scs:ff_dio_hvt,crn65gplus_2d5_lk_v1d0.scs:ff_rfmvar,crn65gplus_2d5_lk_v1d0.scs:ff_rfmos_18,crn65gplus_2d5_lk_v1d0.scs:ff_na,crn65gplus_2d5_lk_v1d0.scs:ff_dio_na33,crn65gplus_2d5_lk_v1d0.scs:ff_dio_lvt,crn65gplus_2d5_lk_v1d0.scs:ff_rfres_sa,crn65gplus_2d5_lk_v1d0.scs:ff_na33,crn65gplus_2d5_lk_v1d0.scs:ff_dio_esd,crn65gplus_2d5_lk_v1d0.scs:ff_rfmim,crn65gplus_2d5_lk_v1d0.scs:ff_dio_25od33,crn65gplus_2d5_lk_v1d0.scs:ff_25od33,crn65gplus_2d5_lk_v1d0.scs:ff,crn65gplus_2d5_lk_v1d0.scs:ff_mos_cap,crn65gplus_2d5_lk_v1d0.scs:ff_dio_25,crn65gplus_2d5_lk_v1d0.scs:ff_dio_25ud18,crn65gplus_2d5_lk_v1d0.scs:ff_25,crn65gplus_2d5_lk_v1d0.scs:ff_rfmos,crn65gplus_2d5_lk_v1d0.scs:ff_25ud18,crn65gplus_2d5_lk_v1d0.scs:ff_dio_na25od33,crn65gplus_2d5_lk_v1d0.scs:ff_rfjvar,crn65gplus_2d5_lk_v1d0.scs:ff_rfmos_25,crn65gplus_2d5_lk_v1d0.scs:ff_rtmom,crn65gplus_2d5_lk_v1d0.scs:ff_na25od33,crn65gplus_2d5_lk_v1d0.scs:ff_dio_na25,crn65gplus_2d5_lk_v1d0.scs:ff_rfres_rpo,crn65gplus_2d5_lk_v1d0.scs:ff_hvt,crn65gplus_2d5_lk_v1d0.scs:ff_rfind,crn65gplus_2d5_lk_v1d0.scs:ff_rfmvar_25,crn65gplus_2d5_lk_v1d0.scs:ff_na25,crn65gplus_2d5_lk_v1d0.scs:ff_lvt,pre_simu.scs:pre_simu,VDD=1.1,ICP=9e-05,DVCO=1,temperature=-40) Y"
0,0.999316826130315,0,0.9998417619657115,0,1.000108494122004
1.598709262184033e-11,0.9869876891450028,1.568551107237742e-11,0.9927343676852485,1.515684808841537e-11,0.9962806132763181
2.544977959137837e-11,0.9678465437305187,2.61417510196685e-11,0.9740912873994632,2.531592654451061e-11,0.9805529736926566
3.488613304877865e-11,0.9349291355396516,3.566969710789711e-11,0.9422243290177098,3.498743052902491e-11,0.9506586062209603
4.419333059913228e-11,0.8880223548598063,4.530241085845999e-11,0.8950012635811905,4.52912965578289e-11,0.9024550353017493
5.463819830334078e-11,0.8207584127637551,5.863864988786031e-11,0.81144801406379,7.825279679620532e-11,0.7095849834021721
7.73194072063262e-11,0.6582434871031437,7.641093166161682e-11,0.695714674068394,8.922067432533506e-11,0.657441647126759
8.716961140270613e-11,0.5983541517920719,8.717103779246703e-11,0.6370806228188322,9.979929013088387e-11,0.6197593105666738
9.664733756718113e-11,0.5524782653640848,9.743100616548034e-11,0.5934846593397558,1.15463098329315e-10,0.5794641097018624
1.063287418939103e-10,0.5179004368340837,1.07619584212107e-10,0.5621737034331549,1.249661470923124e-10,0.5651740561275168
1.163770928656045e-10,0.4936034638942819,1.1987286501706e-10,0.5374697780099521,1.4338970359532e-10,0.5555091187311656
1.285655198881641e-10,0.4759855409768471,1.399037648445162e-10,0.5108821801997993,1.938791452033102e-10,0.5512772736276608
1.469847106308036e-10,0.4634648868965234,1.572356444795345e-10,0.5037085974462977,1.009705506218844e-07,0.5510691278278406
1.781614469218428e-10,0.4517857268837257,2.886302335851708e-10,0.500425019389705,1.027479221786554e-07,0.5905505350174384
3.192589229575003e-09,0.4501117115943687,1.008513122195288e-07,0.500978195057701,1.040730777379375e-07,0.6134741499015143
8.123378473932842e-09,0.4492507245905843,1.009781817080586e-07,0.5061929178470084,1.04216215184287e-07,0.6096812911244387
8.176768461222509e-09,0.4498302013917829,1.016899861943126e-07,0.5811752435441738,1.064031566812098e-07,0.5301751261958366
1.612340066974128e-08,0.4492293687246703,1.025870808505235e-07,0.6615731284628197,1.064389228712222e-07,0.5335162823120889
2.412324043857644e-08,0.4492548093112737,1.038059761117328e-07,0.7549790856232527,1.064706103734584e-07,0.5351109126276843
2.41707418070527e-08,0.4496922967724709,1.040946350678484e-07,0.7772673913471154,1.07171276952438e-07,0.5490615971723593
3.212311856379804e-08,0.4492719994161329,1.041596092814419e-07,0.7693537004578064,1.089247950145425e-07,0.586880179454486
3.216706364645925e-08,0.4495866169320029,1.041922365217559e-07,0.7721778569554423,1.109694025439087e-07,0.6163747684904692
4.012366864876115e-08,0.4491621313279038,1.068084063101996e-07,0.7557915529338545,1.120732479216556e-07,0.6293223131049434
4.812359581987615e-08,0.4492297085846579,1.068417361550006e-07,0.7555388604958865,1.123056429353157e-07,0.6213910213224085
4.817066441240264e-08,0.4496559468584904,1.083080447381424e-07,0.8487172796414931,1.143299674535192e-07,0.5420816225137104
5.612363788605838e-08,0.4492206082821466,1.093522714322618e-07,0.9017970108161185,1.152183314869586e-07,0.5115188076932697
5.617060466935955e-08,0.4496452769066098,1.102599780679421e-07,0.9333920303126435,1.152568627060225e-07,0.5145628437782331
6.412381333122473e-08,0.4491796084077907,1.11357173087261e-07,0.9539057969184954,1.152841367943227e-07,0.5154759436007385
7.212343693899056e-08,0.4492551060153565,1.120939931478286e-07,0.9630393797758505,1.157960142012946e-07,0.5259778136841026
7.216414297909135e-08,0.4494364331540857,1.121727442922553e-07,0.9547966498240764,1.175576563568539e-07,0.5682736287329034
8.012380308964677e-08,0.4491722212593483,1.122123046617162e-07,0.9597813030435501,1.194188558655782e-07,0.5986847858709737
8.018066967923736e-08,0.4498149507368572,1.139431816482981e-07,0.9031499394967734,1.200734047644284e-07,0.6083675174197098
8.812356321719263e-08,0.4492110248485586,1.157886058722311e-07,0.8585155216207662,1.203737000172118e-07,0.5985658457420617
8.816654399265854e-08,0.4495040034422033,1.160655677704151e-07,0.8512747544160713,1.223444598159182e-07,0.5238694991053354
9.612358279246756e-08,0.4492088501756429,1.160901368897209e-07,0.8481567183859664,1.237632419668309e-07,0.4795292711956096
9.616750464885232e-08,0.4495268537708443,1.173068647731356e-07,0.909414041574405,1.237938832576894e-07,0.4808385244613448
1.008635171139639e-07,0.4520339930775394,1.181891535075347e-07,0.938469276868602,1.238280105921354e-07,0.4826665028603147
1.00961820997255e-07,0.4583757499376882,1.193234765405487e-07,0.9575708963869066,1.239447362015516e-07,0.4835643916264616
1.014935950521825e-07,0.5574655312153879,1.200936591547969e-07,0.9660473308777972,1.258815794403965e-07,0.5393639899777508
1.02101381352674e-07,0.6570301776042266,1.201727654177857e-07,0.9580719446803848,1.274934391398231e-07,0.5719195473540394
1.0268984526271e-07,0.7415180831347485,1.202117248184554e-07,0.9631226777924903,1.280736100137125e-07,0.5825660541972796
1.031216729008039e-07,0.7912016016811803,1.220185703157171e-07,0.9067045204069123,1.28352923378372e-07,0.5745046468837476
1.03550690304372e-07,0.8258074090119855,1.239233477586669e-07,0.8630922697213759,1.303816008336937e-07,0.5010970096012082
1.040782391906767e-07,0.8518491898012576,1.253713695264249e-07,0.8372093700859798,1.319525740183155e-07,0.4565672284735848
1.041203327385329e-07,0.8525940254404887,1.253980185448863e-07,0.8345714655235221,1.320349858608661e-07,0.4528180083317277
1.041347769329446e-07,0.8346708515133586,1.266206340171691e-07,0.9030963672694837,1.320924132525795e-07,0.454886949357038
1.04151472459752e-07,0.816523133661253,1.274488421494091e-07,0.9347599440635398,1.321060536308941e-07,0.4540626803437636
1.041789805654031e-07,0.8074198341755011,1.280941682664902e-07,0.951866995801473,1.34086870375327e-07,0.517185544525078
1.042283158335982e-07,0.8067503863549458,1.28172668841309e-07,0.9450756129825747,1.355634808499367e-07,0.5506079904609738
1.045594411418279e-07,0.8077554358485258,1.282111933828823e-07,0.950135966295662,1.360736207398691e-07,0.5612080576281352
1.068452432191015e-07,0.7912413547627101,1.300778216806836e-07,0.8983018411097448,1.362607891360068e-07,0.5569039859216224
1.068820854199674e-07,0.7881857032936423,1.321177179288706e-07,0.857449432638369,1.384194846035027e-07,0.4810979002592228
1.075391190065597e-07,0.8346628039553851,1.345588919485852e-07,0.8250225518833124,1.399838478634428e-07,0.4382779383701731
1.081157233956137e-07,0.8583207841731187,1.346842427256789e-07,0.8215762239390156,1.40124703404506e-07,0.4334830329135078
1.089965072298454e-07,0.8755918698063671,1.347144360318191e-07,0.820340842378703,1.401582843398278e-07,0.4341939121390294
1.10608806088761e-07,0.8858407100500408,1.359450528127419e-07,0.895116551050221,1.401833540900829e-07,0.4345188883662352
1.12120792525093e-07,0.8871536238825354,1.360948028773435e-07,0.9048543890304978,1.401957122709883e-07,0.4332794716322376
1.121484104725965e-07,0.8525616494124973,1.361734621646133e-07,0.9013476057893192,1.420777034745819e-07,0.4976579233862928
1.121715869517734e-07,0.8418688607859732,1.362144771614432e-07,0.9060004233705651,1.434552862507296e-07,0.531471906061952
1.122244868399298e-07,0.8385770440748266,1.383604308325471e-07,0.8635343911723828,1.440735527865432e-07,0.5447458355126555
1.124288187976194e-07,0.8417829650507864,1.408427137963513e-07,0.830168059264227,1.442078605003545e-07,0.5425044466269475
1.153526644682101e-07,0.812249356994564,1.439922710379499e-07,0.8026425180981461,1.464353846846002e-07,0.4649553216141323
1.153907834685461e-07,0.8075732194003571,1.440206922925849e-07,0.8010563484801363,1.4797547170121e-07,0.4232541002765987
1.156275724287782e-07,0.8190728452087292,1.441191940738952e-07,0.8090521214956826,1.481015353974018e-07,0.4187189253973028
1.161319420599369e-07,0.8470068997623877,1.441747433984246e-07,0.8095174893565165,1.481412508873351e-07,0.4198216842796713
1.168225808643831e-07,0.8675866153709418,1.44302830052894e-07,0.8108743860410275,1.481603180306078e-07,0.4190892375239054
1.179665981539425e-07,0.8818098313984589,1.487988835165467e-07,0.7875757646641958,1.48172079336509e-07,0.4178526971627222
1.201196100375643e-07,0.8879709212831461,1.520902821436805e-07,0.7796150744459747,1.500215098880747e-07,0.4830571821106078
1.201322998950691e-07,0.8729345055979119,1.521539628029806e-07,0.7746035410599469,1.513507196070429e-07,0.5167706098359969
1.201493399245196e-07,0.8519698158342798,1.529814831639379e-07,0.7089876572113197,1.520739265878912e-07,0.5323738839165544
1.201736459870978e-07,0.8416273233479871,1.532769479882425e-07,0.6878179490901873,1.522496605823771e-07,0.5289201453941489
1.202320178091401e-07,0.838278799814525,1.533176580561854e-07,0.7088929752756395,1.54399765986944e-07,0.4530068508941826
1.202865807647136e-07,0.8432279685162964,1.533653574116957e-07,0.7194339723951557,1.559057180810593e-07,0.4116663395067239
1.210674960367256e-07,0.8374384714988671,1.541135329759567e-07,0.7183974256405246,1.560041156160397e-07,0.4076977327828533
1.238700607807488e-07,0.8118158160818086,1.600902504214843e-07,0.7419928666730525,1.560462026849001e-07,0.4087854196646724
1.239076846271572e-07,0.8070078400226713,1.601601155443657e-07,0.7368436252974394,1.560633470737524e-07,0.4078543334341418
1.241428553331028e-07,0.8185955973781469,1.613231841015067e-07,0.6535800285552071,1.560744907364244e-07,0.406247467316475
1.246432286978308e-07,0.8467919373817606,1.62371855728077e-07,0.5862491798873745,1.579252318307313e-07,0.471778246277834
1.253259664161917e-07,0.8675967226576113,1.624082008521501e-07,0.6110300447714124,1.592333103453551e-07,0.5050838608581735
1.264478560897637e-07,0.8819724904861911,1.624541106859547e-07,0.6254131253676755,1.6007388839177e-07,0.5227375545715035
1.281200968034885e-07,0.887436393271969,1.633501293050759e-07,0.6337731058618005,1.602132061580181e-07,0.5205351313731108
1.281339030052649e-07,0.8701760447052268,1.665090960286311e-07,0.6742687992319265,1.623841081754159e-07,0.4424250258130992
1.281507917402589e-07,0.8506676917485806,1.680905577608269e-07,0.6908921573171156,1.638559548884529e-07,0.3998009508171469
1.281773322243029e-07,0.8408420704927922,1.682186094820951e-07,0.6817571226498056,1.638870988491759e-07,0.3995012445136559
1.282324439121643e-07,0.83824462670135,1.69941019936897e-07,0.5722771053730927,1.639203974422218e-07,0.4003114028032509
1.282885513373669e-07,0.8431785271352683,1.710584409792729e-07,0.5098717178843774,1.639375351013883e-07,0.3978804057527965
1.29206198780749e-07,0.8365360641699834,1.710974752722275e-07,0.5319347227272155,1.658353376758127e-07,0.4637542929542732
1.32391624752646e-07,0.8099711830108798,1.711386796394824e-07,0.5428381885799548,1.671494318967555e-07,0.4963911888988343
1.324300259254814e-07,0.8054364439004129,1.72293037476786e-07,0.566182399808497,1.680737710837615e-07,0.5149283852440529
1.326813420496464e-07,0.8188695895115219,1.74473061598874e-07,0.6123810176988348,1.681837971595012e-07,0.5137162733119336
1.331721823239357e-07,0.8468456587770612,1.760903041864794e-07,0.6398579520549462,1.703716449398982e-07,0.4331167579021711
1.338476247903844e-07,0.8677209271228029,1.761726030918878e-07,0.6348717894431473,1.716732150418723e-07,0.3939878661380355
1.349540315171972e-07,0.8821812242133733,1.780208366117024e-07,0.5262867526744329,1.717029021416856e-07,0.3933713719682064
1.361197378883813e-07,0.8867185536658969,1.793438900775332e-07,0.4590803944044077,1.717382231814236e-07,0.3940594533736725
1.361334805426951e-07,0.869624169881954,1.793878718636195e-07,0.4782860914587393,1.717545500290138e-07,0.3916263126054328
1.361496472501196e-07,0.8507504550195503,1.79420637757251e-07,0.4848150459084493,1.73689035411015e-07,0.4569048409688625
1.361742236917566e-07,0.8408876994830806,1.797554113310343e-07,0.4923682188039371,1.750178112253075e-07,0.4888421928425588
1.362310858224681e-07,0.8376365839309614,1.822457667536319e-07,0.5618136501310651,1.760739752711501e-07,0.5088410524528105
1.362851634347173e-07,0.8427663064298515,1.840903113141414e-07,0.601974845063059,1.761876117568211e-07,0.5074654099043608
1.370413518548926e-07,0.8380894760519391,1.84195042066453e-07,0.5960074437967808,1.783318999588357e-07,0.4260450655938125
1.409143644044708e-07,0.8083441948678933,1.86192405892979e-07,0.4855419998717232,1.794669115381061e-07,0.3902449924878373
1.409529695923616e-07,0.8040681335617599,1.873541526680391e-07,0.4285042742941478,1.794964592292741e-07,0.3895084477230739
1.412211560599481e-07,0.8193588014128258,1.873694060088885e-07,0.431930730934755,1.795319704735457e-07,0.3901171668271293
1.417048936365478e-07,0.8470929728159978,1.874166136653887e-07,0.4484039172910525,1.795479445628129e-07,0.3875868758277989
1.423776686494058e-07,0.8680073621528939,1.87440055577058e-07,0.4510253107291833,1.815336056503337e-07,0.4519055236399406
1.434788200251927e-07,0.8824854687913752,1.87685250022469e-07,0.4568775836951409,1.82896076653038e-07,0.4830818047713745
1.441196379147148e-07,0.885439339668857,1.900859174498285e-07,0.5314663777040771,1.84073790473235e-07,0.5037897688076197
1.441333209092776e-07,0.8687215076097229,1.918642125454485e-07,0.57329509119065,1.841676326423272e-07,0.5030870370134806
1.44149986313965e-07,0.8496790826399703,1.920909885926313e-07,0.5794565914934389,1.863074113014404e-07,0.4195073627347782
1.441756574723284e-07,0.8399446251989787,1.942261950747549e-07,0.4635406900759556,1.872447290296213e-07,0.3882585286091313
1.442322094682867e-07,0.8372353005420176,1.952312958698107e-07,0.4145905100018302,1.872768196931152e-07,0.3877294576951953
1.442881336388991e-07,0.842185708235181,1.952470780508187e-07,0.4173142044741379,1.873094811648308e-07,0.3880677620545259
1.453298067713138e-07,0.8354966981167599,1.952994368683373e-07,0.4337600715017332,1.873254472770521e-07,0.3854917167995049
1.494374986782263e-07,0.8069204517660797,1.953224521394662e-07,0.434557976837913,1.893657177362963e-07,0.4482468497406912
1.494756249072403e-07,0.8028408340320859,1.957189337631242e-07,0.4457913343561211,1.907676058518559e-07,0.4784804041438384
1.49758591585743e-07,0.8197742359928351,1.979322734538381e-07,0.5158959495567542,1.920738132291877e-07,0.4996552576836085
1.502372895430586e-07,0.8473399991038313,1.996719942845589e-07,0.5577351902178961,1.921638040589988e-07,0.4990482894036474
1.509069422057045e-07,0.868254132916047,2.000908984384154e-07,0.5677586769194323,1.942751425130903e-07,0.4141322185643035
1.52002103518948e-07,0.8827364219458664,2.022518338505859e-07,0.4501086327825625,1.950110255587852e-07,0.3881837658926436
1.521201655954016e-07,0.8827902980688423,2.030477539140212e-07,0.4104258425878535,1.950406145652244e-07,0.3873853972035474
1.521490588048295e-07,0.8493994664409864,2.030643561437718e-07,0.4134810848743222,1.950755083893381e-07,0.3880169666864747
1.521745302251487e-07,0.8394082825950882,2.031195036646086e-07,0.4293536375292362,1.950902562780125e-07,0.3852394992026008
1.522319424146437e-07,0.836387090762302,2.032840197313284e-07,0.431963377044187,1.972131823833296e-07,0.4463991385109886
1.522883002795622e-07,0.8414138647133421,2.057386894079437e-07,0.5080023242428637,1.986792265274199e-07,0.4756173749577302
1.53473323922805e-07,0.834089813950242,2.074965936725472e-07,0.5492430476687167,2.000738566399311e-07,0.4961989446607353
1.578109209843714e-07,0.8081150339884179,2.080905338987754e-07,0.56223518540308,2.001605114487303e-07,0.4956686986296246
1.579611872458787e-07,0.8055793693148187,2.102567440815183e-07,0.4424616662483878,2.022468012934955e-07,0.4094241875538668
1.579988690878625e-07,0.8017620558170379,2.108429537744517e-07,0.4120737987183546,2.027718416142366e-07,0.3896025711303414
1.58300960641609e-07,0.8206405633864082,2.108598180661638e-07,0.4148688112399237,2.028031211456049e-07,0.3889323846385955
1.587783058147039e-07,0.8479767452399778,2.109161782553231e-07,0.4302609916718053,2.028365615521426e-07,0.3892591393095783
1.594503549609974e-07,0.868780516944528,2.110584735481356e-07,0.4316206681470761,2.028521722261593e-07,0.3866000587853012
1.601206143643226e-07,0.8785346731100491,2.135917499193006e-07,0.5059828007817296,2.040680237787323e-07,0.4202280510091287
1.601497491780236e-07,0.8485217252586561,2.154110355301102e-07,0.5461132779533959,2.053878551619886e-07,0.4526454752429551
1.601796207904091e-07,0.8387675087966091,2.160902263905279e-07,0.5597715174432782,2.070333211165355e-07,0.4797517105691153
1.602327784477083e-07,0.8365298318717718,2.162374899785676e-07,0.5517731484172674,2.080739791450904e-07,0.4933514385839687
1.602938666767823e-07,0.8414397220396285,2.182072947349438e-07,0.4401250478944874,2.081623178483106e-07,0.492689572765594
1.657301818915218e-07,0.809743782034645,2.186393248879355e-07,0.4165398425221101,2.102132244538937e-07,0.4056408372921115
1.664836835075784e-07,0.8049836897522792,2.186572100332186e-07,0.4197308731801286,2.105300450759088e-07,0.3925034955016043
1.66521960393346e-07,0.8010875259613889,2.187142623593946e-07,0.4343143112134395,2.105630049817206e-07,0.3920144182442445
1.668431224416896e-07,0.8217444328097834,2.188394404688496e-07,0.4346094068865928,2.105942493714727e-07,0.392340943956089
1.673224931081142e-07,0.8488578205598969,2.214681885645727e-07,0.5066102822090872,2.106097474350836e-07,0.3895731196959104
1.680025014526312e-07,0.8695196427647774,2.233680455394324e-07,0.5453167549410739,2.116227440665072e-07,0.414805294365473
1.681229308852674e-07,0.8710361789316599,2.240903200734494e-07,0.5586665477383814,2.130162208866237e-07,0.4480509036085388
1.681517693449401e-07,0.8480005991838621,2.24371996288548e-07,0.5427453966107797,2.146875771465727e-07,0.4746155822300705
1.681904600719579e-07,0.8386363824837636,2.261738807440489e-07,0.4382284906414957,2.16074006510238e-07,0.490967170489348
1.682335785102328e-07,0.8373250156326402,2.264459834353101e-07,0.4222876576528608,2.16156324828662e-07,0.4904846608181889
1.68305235832732e-07,0.8423067612713245,2.264658414954331e-07,0.42627982714678,2.181911638054433e-07,0.4020913881765145
1.734548412391615e-07,0.8122099381785528,2.265231181399902e-07,0.4397020808777973,2.182888013679737e-07,0.39677268597833
1.750070244825114e-07,0.8044773351822807,2.266363180471459e-07,0.4392213755558511,2.183249388535097e-07,0.3966100466675739
1.75045183715376e-07,0.8006652263477015,2.293694003331587e-07,0.5084857551058952,2.183530676779848e-07,0.3965799576507358
1.753844974539837e-07,0.8229186742510477,2.313676525955398e-07,0.5457017425560121,2.183715491360393e-07,0.3938665957973791
1.758658610288861e-07,0.8497476123106351,2.32090093848905e-07,0.5579270412710499,2.194696614320958e-07,0.4188012874620191
1.761258044216316e-07,0.8590434884474278,2.321859883274568e-07,0.5526853406121662,2.209149619176345e-07,0.4497634209725233
1.761624145310491e-07,0.8410809110494532,2.341575143242182e-07,0.4359899987326261,2.227159193314327e-07,0.4749140306202114
1.762284613049271e-07,0.833348608391757,2.34275140160739e-07,0.4290304374143434,2.240738301329453e-07,0.4890190083789077
1.76286355640647e-07,0.8387617155571088,2.343362517176391e-07,0.4444984883405653,2.241509224395111e-07,0.488718001522974
1.816683563345435e-07,0.8104402255670499,2.345226666201068e-07,0.4460629461107549,2.260502412118598e-07,0.4024718637183242
1.83530286948867e-07,0.8024308718891422,2.372772770486729e-07,0.5105089978669136,2.26082626138779e-07,0.4020471902920989
1.835685787991094e-07,0.7988453558750369,2.393842719872609e-07,0.5462757447852244,2.261146582237324e-07,0.4023390451002888
1.841129013790035e-07,0.8363194322388007,2.400907675153372e-07,0.5573613835327256,2.261336160142166e-07,0.3995791559638847
1.841364697076815e-07,0.8350719497295809,2.421003267650751e-07,0.4347725022278326,2.271489227188176e-07,0.4197103304793842
1.841903845797941e-07,0.823421215278485,2.421225350406043e-07,0.4393128468597802,2.286888815403094e-07,0.4499973523238152
1.84233824523117e-07,0.8218519240019947,2.421797365321541e-07,0.4509876368319318,2.305954888960373e-07,0.4739715621200621
1.843162483085221e-07,0.8266067153963366,2.422963146191313e-07,0.4501312861568614,2.32073792753317e-07,0.4875087455826083
1.896736026089003e-07,0.8044641295591292,2.452271748156506e-07,0.5130719462392568,2.321494977241768e-07,0.4872376647203884
1.920530864618176e-07,0.7969489381098041,2.474474104693442e-07,0.5472055925727694,2.338176252949573e-07,0.4092526397037272
1.920910901423115e-07,0.7937039492546425,2.480906018516996e-07,0.5565668794479638,2.338468846935882e-07,0.4086018233851189
1.921381981375886e-07,0.7963484792448037,2.499481916833406e-07,0.440855071612872,2.338821633770487e-07,0.4092377644330368
1.922246461863662e-07,0.7872062545902343,2.499714480895111e-07,0.4454839983468513,2.339016739845907e-07,0.4064252429214211
1.922795398179937e-07,0.7910903457874784,2.50028387403195e-07,0.4564287317208227,2.348715776870057e-07,0.4228304260324812
2.001173534893978e-07,0.7870326474863909,2.501507054014625e-07,0.4555140047513933,2.36517795385849e-07,0.4518361135067194
2.001494862134442e-07,0.7822576710859139,2.531816986935105e-07,0.5153100525255208,2.385719633120827e-07,0.4744150933806651
2.003175160447183e-07,0.7501265253749053,2.555224867254965e-07,0.5479083815549107,2.400737286265808e-07,0.4863772740541994
2.005897446679038e-07,0.7061832696937391,2.560905408348146e-07,0.5556600903488469,2.401464827109872e-07,0.4861897801647389
2.007086330630862e-07,0.7277581378893389,2.578090783406677e-07,0.4466012628804567,2.415934240059289e-07,0.4168614113617057
2.074158726254189e-07,0.7547655891202441,2.578348076527875e-07,0.4518265156359045,2.416205678737509e-07,0.4160991830233376
2.081181649584091e-07,0.758442716769639,2.578900419378291e-07,0.4615607901308454,2.416578362813572e-07,0.4170784053025077
2.081523660309649e-07,0.7530558269068053,2.580221755149962e-07,0.4606968165426134,2.416785871476857e-07,0.4141589347039027
2.08343520115302e-07,0.7188327446829772,2.61149095528712e-07,0.5173577511966395,2.426408303563409e-07,0.4277775263368687
2.089845949068733e-07,0.623216611402749,2.636150076643559e-07,0.548442151509811,2.444161356194522e-07,0.4550702084871036
2.091031222832938e-07,0.607472025948142,2.640908645353931e-07,0.5547157663861902,2.466727299316969e-07,0.4759973625779013
2.091820592804321e-07,0.6396599202979012,2.656809298673703e-07,0.4521113970124508,2.480737501030208e-07,0.4856314082951185
2.092246091762981e-07,0.6495749556716744,2.657054141716929e-07,0.4566822637100731,2.481469720708975e-07,0.4853724054075934
2.103907036641937e-07,0.6605805486191927,2.657623940385301e-07,0.4664607571657845,2.493796128840821e-07,0.4251494392505101
2.141397557672915e-07,0.6986198477857635,2.659023037895466e-07,0.4655341783905989,2.494049866527886e-07,0.4242241189482798
2.161173774714042e-07,0.7151463083423343,2.691301272751114e-07,0.5192376622731143,2.494444730171775e-07,0.425387812886823
2.161497288961783e-07,0.7108168875396589,2.717214548729324e-07,0.5487812309101064,2.494699570181823e-07,0.4223694702871407
2.163227286943486e-07,0.68130917949298,2.720908794162559e-07,0.5536651468205744,2.505372706817413e-07,0.4352516774901002
2.171027227278593e-07,0.571562461253375,2.735631763531147e-07,0.4572995454482894,2.524414357680133e-07,0.4597862875124514
2.175756655537423e-07,0.5100380299952268,2.735869874090233e-07,0.461411499076328,2.54992954564392e-07,0.4787016152058449
2.176507360500418e-07,0.5504529597169076,2.736447277610676e-07,0.4711033331795713,2.560738254571859e-07,0.4852133801808262
2.176942255248351e-07,0.564167041180182,2.737898271366909e-07,0.4700338534442516,2.561479014778849e-07,0.4848617395678188
2.194513912735277e-07,0.5931236796338442,2.771308110334902e-07,0.5210368862052895,2.571786009833099e-07,0.4337389902626619
2.223753038297661e-07,0.6395056676759165,2.798573969310357e-07,0.54908764391779,2.572029360734058e-07,0.4327462083499704
2.241173732976498e-07,0.6627753875063664,2.8009134155328e-07,0.5526294239069817,2.572436656342539e-07,0.4340423208625676
2.241506869773349e-07,0.658549624920693,2.814555020582689e-07,0.4620711056872159,2.572743990436486e-07,0.430967225848783
2.243365884587325e-07,0.6295363472458432,2.814871625171023e-07,0.4681280818738725,2.584251930989541e-07,0.4424234895399957
2.254658698675109e-07,0.4797941020846671,2.815384340766265e-07,0.475203365481275,2.605147011574501e-07,0.4645076298383098
2.259171101042392e-07,0.4239104167969436,2.817194548940924e-07,0.4746046459873743,2.634199038187823e-07,0.481211211698013
2.259905252761397e-07,0.466827015863192,2.851174025719892e-07,0.5223705785053865,2.640737613763685e-07,0.4850375428057987
2.260312151714393e-07,0.4808810237769164,2.879854622946879e-07,0.5490834338279091,2.641458877338816e-07,0.4847430622633365
2.295666444568199e-07,0.5640981008696835,2.880924466229436e-07,0.5516561409726641,2.649922268717581e-07,0.4423300451561756
2.320323061821759e-07,0.6086485242584939,2.893554744656435e-07,0.4666865540880456,2.650177384563977e-07,0.4414721296801512
2.321360953006325e-07,0.6107490808171187,2.893858423435255e-07,0.4721432723631196,2.650571794846412e-07,0.4427168555027272
2.322660885503882e-07,0.5897126143844278,2.894386042356475e-07,0.4792983671226874,2.650917976556032e-07,0.439623565970676
2.335620751204257e-07,0.4232073145858699,2.896279095116134e-07,0.4785629463917924,2.663050740549114e-07,0.4491851883580075
2.340533318620508e-07,0.3648512008409616,2.931378724542589e-07,0.5238405060486734,2.686448925961646e-07,0.4690615492083467
2.341224842850065e-07,0.4063979412036685,2.960904042334702e-07,0.5502532594120252,2.720287180493686e-07,0.4835455252425805
2.341616589821793e-07,0.4206326199198006,2.967477046962704e-07,0.5071000266140168,2.720770586019959e-07,0.4857082905679868
2.367604787084717e-07,0.4971375395898238,2.972644238867429e-07,0.4708325570576083,2.722654712041267e-07,0.4795644636591881
2.387680734764524e-07,0.5460154575338473,2.973451554628801e-07,0.4832996808430516,2.72822277578504e-07,0.450474992928266
2.40117001225485e-07,0.5742863945451204,2.975189099902217e-07,0.4820510115179898,2.728532297191457e-07,0.450257649198788
2.401490370077221e-07,0.5709343962110488,3.011958189264079e-07,0.5254271700724954,2.728869169166468e-07,0.4507979295408652
2.403433888004062e-07,0.5435608255021974,3.040905461735577e-07,0.5491722718984269,2.729422579460761e-07,0.4478915789294011
2.416184666227609e-07,0.3833099240863846,3.051760964571926e-07,0.4754463113101479,2.743494093382393e-07,0.4569668408690628
2.420264184645548e-07,0.335906907439418,3.05196369161372e-07,0.4772566203223164,2.770605435920653e-07,0.4742588244824285
2.420938034505753e-07,0.3764007506455933,3.05259630697006e-07,0.4869010522485727,2.800738268002019e-07,0.4853772770590459
2.421334525124512e-07,0.3908087313389918,3.054374754184822e-07,0.4854991048639483,2.801474409163183e-07,0.4849425828119753
2.443703602279315e-07,0.461621528606003,3.092463487381552e-07,0.5266746134281571,2.806678207810779e-07,0.4584406643374347
2.462877664245816e-07,0.5134899589672304,3.120904923581276e-07,0.5480984097516945,2.806993238201587e-07,0.4580312344388547
2.481167463954435e-07,0.5542288296467838,3.130937421770345e-07,0.4799693872195273,2.807330222995376e-07,0.4582787364129777
2.481492007531106e-07,0.5509420243819338,3.131127068494443e-07,0.4797898537079498,2.808127945080839e-07,0.4555866547626717
2.483593385573749e-07,0.5220900033113238,3.131797044130305e-07,0.4902877550948476,2.825139051726872e-07,0.4644146363848907
2.496349321173758e-07,0.3627677836659611,3.133590893605033e-07,0.4886899600846056,2.858221414024242e-07,0.4792002520383158
2.499183835255515e-07,0.3298636516737636,3.17307974048359e-07,0.5277862563416182,2.880736027350873e-07,0.4856984581858149
2.499508009532121e-07,0.34996590577256,3.200904530455404e-07,0.5470581656603547,2.881401180556728e-07,0.4855887781890565
2.499956964009517e-07,0.3739664637108752,3.210151298439857e-07,0.4844402168037567,2.885307139095617e-07,0.465541097929805
2.500288080128347e-07,0.3838154714848249,3.210376832897375e-07,0.4828731665185816,2.885736898648176e-07,0.4655983443629536
2.527587327556371e-07,0.4675346579592912,3.211066243288875e-07,0.4933833069032189,2.885961828572336e-07,0.4647500595397937
2.546906070654849e-07,0.5161176653297636,3.212952597961235e-07,0.4917263429490883,2.887250719759813e-07,0.4624527311954273
2.561161708531896e-07,0.5465897575786576,3.253790419035325e-07,0.5287887531796299,2.937794981740937e-07,0.4807594686549668
2.56147487759007e-07,0.5437044954707699,3.280905076998945e-07,0.5460785113820165,2.960736319630758e-07,0.4861825353010312
2.563453908652508e-07,0.5162777468565859,3.289516453467977e-07,0.4871573435273294,2.961430231081893e-07,0.4859062707524257
2.576395008206942e-07,0.3540592065712506,3.289717488480678e-07,0.4865614102693883,2.964097486902236e-07,0.4719486282895042
2.57788601969089e-07,0.3366810038568632,3.290397905946929e-07,0.4962090747903944,2.964621039935695e-07,0.4720692678310875
2.578548356442391e-07,0.3748493824068864,3.292455647117837e-07,0.4945936162020583,2.965206149134335e-07,0.4686622158327955
2.578959986433645e-07,0.3888090829495844,3.334429997779409e-07,0.5295585743885275,3.027216694641947e-07,0.4837347883983088
2.609430779299936e-07,0.4762398155248904,3.360905276287212e-07,0.5451368498980065,3.040736906404637e-07,0.4867178950041258
2.629778339737369e-07,0.5227059578730304,3.368928674296556e-07,0.4894846013590453,3.041440589718016e-07,0.4863685903322022
2.641167466742338e-07,0.5455313574388793,3.369142461417497e-07,0.4907436310903207,3.04304925825279e-07,0.4774205066875097
2.641464576787792e-07,0.5427677901891774,3.369794518887838e-07,0.498607095523346,3.043697227232741e-07,0.4755744589029083
2.643327597713696e-07,0.5165038548585287,3.37261814515119e-07,0.4975048519137543,3.047878457058781e-07,0.4737035639348234
2.656661605902969e-07,0.347971137002257,3.414496941053833e-07,0.529840791076626,3.109402621029286e-07,0.4849506934333374
2.656889117454363e-07,0.360390196201792,3.440902106252748e-07,0.5441851512974262,3.120737234947579e-07,0.4873066173578632
2.657346077637035e-07,0.385737571017592,3.44299233214243e-07,0.530554607496131,3.121445695114081e-07,0.4869016828512877
2.657749399748025e-07,0.3987500468334184,3.448375349657411e-07,0.4918414721505012,3.122154542514768e-07,0.4819245074561396
2.690514114983433e-07,0.485201637286747,3.449218167366099e-07,0.501009490349964,3.122795962693423e-07,0.4796447494120854
2.712111229619666e-07,0.529669289263928,3.452552275992144e-07,0.5000914640378538,3.1387432625652e-07,0.4799192261818375
2.721167559490816e-07,0.5466071632489081,3.495008669881609e-07,0.5303127051872399,3.200738439626357e-07,0.4879555537738591
2.721489911462532e-07,0.543272571221905,3.520903810487298e-07,0.5433555447570283,3.201317572661927e-07,0.4875418586702214
2.723607119194346e-07,0.5137254282454714,3.525953594793322e-07,0.5092532131607981,3.201627209295933e-07,0.4845710887582994
2.735660044635582e-07,0.3597452969790008,3.527948465767396e-07,0.495020636841712,3.202025363654241e-07,0.483163139349527
2.736319777221215e-07,0.3957402682655381,3.528660150428941e-07,0.5034319972154032,3.28118076469827e-07,0.4877929488359139
2.736738212407868e-07,0.4088105204072097,3.531697742485639e-07,0.5021281581833726,3.28192110669563e-07,0.4865680105647173
2.771401668694393e-07,0.4927609241881267,3.576450296592705e-07,0.5311501091514407,3.360223544922444e-07,0.4867579622499091
2.794289981203706e-07,0.5353818996712408,3.60090535443579e-07,0.5425702140438406,3.360484266890485e-07,0.4854383939126231
2.801168512485474e-07,0.5475837459058641,3.607285253837315e-07,0.497963226817047,3.361113543786227e-07,0.4909848514977684
2.801486835021694e-07,0.5442511940168033,3.607511731730569e-07,0.4987921388837112,3.361741536360331e-07,0.4902871814742478
2.803584857498559e-07,0.5146667064004192,3.608174977053261e-07,0.5053705030543461,3.439881613415157e-07,0.4878211350786987
2.814850519769456e-07,0.3694126361267412,3.612426326153176e-07,0.5046300887117602,3.440134402327656e-07,0.4863882487822409
2.815485440661949e-07,0.4036293330518227,3.656403414011197e-07,0.5311607764413541,3.440797560528436e-07,0.4921985545626052
2.815920333939046e-07,0.4169409810096928,3.680901584088623e-07,0.5417568842731758,3.441365217393776e-07,0.491875423331331
2.852246186793674e-07,0.4982100748138389,3.682372651926747e-07,0.5322265133459584,3.519634868121055e-07,0.4884238359449642
2.876392670870375e-07,0.5392144686935368,3.686854727998293e-07,0.4995813352602744,3.519891413626892e-07,0.4871458023957129
2.881165517772537e-07,0.5475220152489311,3.687712691832889e-07,0.5072618967333417,3.520783761162771e-07,0.493956446834186
2.881477787688008e-07,0.5443719666315989,3.692874301334723e-07,0.5068293542301679,3.521365966232305e-07,0.4933391366745292
2.8834299770499e-07,0.5163854556110337,3.73698009107196e-07,0.5314081029077721,3.599433851669014e-07,0.4895923224675229
2.894176995396512e-07,0.376478287294969,3.760904425363894e-07,0.5410844169280015,3.599665137860027e-07,0.4875403911090315
2.894806913034184e-07,0.4096726675188972,3.766331498305162e-07,0.5034622448911615,3.600775307198544e-07,0.4953681131545646
2.895254246958791e-07,0.4228748325238081,3.76655446280304e-07,0.502527807993846,3.601371617236158e-07,0.494373669848314
2.933095336183452e-07,0.5016813758513886,3.767271793049819e-07,0.5090783783092004,3.62269494401975e-07,0.4942972100688778
2.958295681112873e-07,0.5411119394410828,3.772936681440229e-07,0.5087034423970326,3.679331911839498e-07,0.4896893567169319
2.961175832556422e-07,0.5465266531676372,3.818072469726216e-07,0.531796462760418,3.679587852706988e-07,0.4883987846967384
2.961520054372803e-07,0.5423644360129696,3.840906113125293e-07,0.5404319087404819,3.680779393014952e-07,0.4966355263016255
2.964115822578962e-07,0.5061918264251004,3.845997795229295e-07,0.5040747501183204,3.681374739791032e-07,0.4952878106711712
2.973590035339359e-07,0.3817489578780448,3.846880294581435e-07,0.510647358271991,3.697506563632396e-07,0.4957888272262576
2.974230122225818e-07,0.4145254973692897,3.854552874858018e-07,0.5111049536994483,3.759263194734104e-07,0.4902778841462418
2.974679636140333e-07,0.4270882272950833,3.898992866474141e-07,0.5320513664721911,3.759519047707198e-07,0.4889840229609416
3.013984064095412e-07,0.5038068638617923,3.920905828513178e-07,0.5398107456089863,3.760773298953025e-07,0.4974656804041038
3.040242555452364e-07,0.5419159212335347,3.925598134577576e-07,0.5063407760630484,3.761376476219539e-07,0.4960485511145308
3.041362118420098e-07,0.5437631328693933,3.926516604257872e-07,0.5121006780615547,3.77547808757711e-07,0.4968085077499086
3.042723447828853e-07,0.522425526452401,3.935935019363328e-07,0.5132689334007365,3.8392376299832e-07,0.490900808696949
3.053050302985883e-07,0.3860482059402478,3.98088754272595e-07,0.5325364182717802,3.839490632325041e-07,0.4895092272596512
3.053688302248289e-07,0.4179314897896403,4.000904830193331e-07,0.539207014289564,3.840773593172614e-07,0.4981330847082809
3.054136928267135e-07,0.4301355190991354,4.005195475619008e-07,0.5091050463666325,3.841378770918108e-07,0.4966350425730541
3.094669091477266e-07,0.5047402358750132,4.005433683073338e-07,0.508784068259298,3.854449919827033e-07,0.4975508243327286
3.121167126562183e-07,0.5423798173243772,4.006148856432291e-07,0.5135711000085124,3.919252782275433e-07,0.4914175867256522
3.121469084900702e-07,0.5393321320256895,4.016079891562728e-07,0.5146880912996717,3.919507024253333e-07,0.4900355526047975
3.123345366345816e-07,0.5119453756748042,4.062805058431688e-07,0.5329242726820248,3.920776332114283e-07,0.4986122563165812
3.13253337896003e-07,0.3899988417054809,4.080905355585497e-07,0.5386763454037119,3.921379372057714e-07,0.4970973156262038
3.133159154855306e-07,0.4206315351882024,4.084878257686069e-07,0.5104719391058512,3.93451977655424e-07,0.4980009923915777
3.133619541971057e-07,0.4327435989208044,4.085174063850421e-07,0.5113377170294455,3.999299971035575e-07,0.4919007416320035
3.175408012098812e-07,0.5053621559544635,4.085844918516134e-07,0.5147778857003286,3.999553543695867e-07,0.4905117608266701
3.201157408100932e-07,0.5399676667150601,4.09769769965784e-07,0.5166257695386939,4.000779794495141e-07,0.4989040409624364
3.201454060265423e-07,0.5373043197367358,4.14609439812153e-07,0.533553831328582,4.001380031466498e-07,0.4974243717536881
3.20321665887498e-07,0.5112382918976852,4.160901486991763e-07,0.5381195593279045,4.015087668372374e-07,0.4982599783175689
3.212025626249386e-07,0.3939210014362513,4.162483076138046e-07,0.5277124978887019,4.079372781359013e-07,0.4923491941378726
3.21264008002203e-07,0.4233225869703169,4.164624823294648e-07,0.5110731561853998,4.079624481716648e-07,0.4909401414209239
3.213109804523237e-07,0.4352239839916205,4.165518803277695e-07,0.5160379900519427,4.080775104341455e-07,0.4989157802370877
3.236058144456318e-07,0.4737714301673098,4.178110061796841e-07,0.517903721282878,4.081376069350279e-07,0.4976984650408154
3.261244622492692e-07,0.5128220189976681,4.228859261119518e-07,0.5339209184887582,4.097853887462661e-07,0.4981308586876335
3.281156021382646e-07,0.5377051703155896,4.240904611439443e-07,0.5376974475370622,4.159466742763341e-07,0.4927412958000973
3.281461522659197e-07,0.5349026369941258,4.244249140599818e-07,0.5141111431754702,4.159720815399643e-07,0.4913551738014236
3.283297507651295e-07,0.5078729541160599,4.244515662584603e-07,0.5137065687025015,4.160780003799287e-07,0.4989250394728605
3.291516976343525e-07,0.3978068558020921,4.245249972740672e-07,0.5171360989413771,4.161375008009879e-07,0.4978281319227461
3.29213357709263e-07,0.4263382240541547,4.259385297590154e-07,0.5194002666851558,4.180712801637611e-07,0.4979513050236001
3.292603705084593e-07,0.4377570735262873,4.31280207985726e-07,0.5343972035451193,4.239575795900946e-07,0.4931121049167858
3.312507815212509e-07,0.4688157894092289,4.320905387959523e-07,0.537271282228644,4.239827347623541e-07,0.4916994327292225
3.338202444731647e-07,0.5080618386931626,4.323978767273939e-07,0.5154755507122702,4.24078088352501e-07,0.4987571913651357
3.361163448017078e-07,0.5357259233127549,4.324275098334924e-07,0.5153669959907763,4.241374056627336e-07,0.4978713302870337
3.361476050736963e-07,0.5325153468948667,4.325023217673821e-07,0.5181589282496898,4.265442346626246e-07,0.4975733233377436
3.363496126336292e-07,0.5031115463053553,4.341020331628057e-07,0.5208804958251579,4.319697569287978e-07,0.4934173412415616
3.37102420998279e-07,0.4018971226296532,4.397678552869849e-07,0.5348873072300766,4.319954121098648e-07,0.4920516171806679
3.371640284599444e-07,0.4294805059766625,4.400910368620011e-07,0.5369595850062179,4.320789114474366e-07,0.4985994111880314
3.37211662164949e-07,0.4403939749228227,4.403776734566587e-07,0.5157445660787604,4.321370711490239e-07,0.4978889354586425
3.389854763783332e-07,0.4658977915571187,4.404785246004728e-07,0.5191200947400283,4.376085658733244e-07,0.49581353642082
3.416473955201939e-07,0.5053507112030958,4.422877258558812e-07,0.5222771561333136,4.39982867503628e-07,0.4936441533415308
3.441155245597556e-07,0.5337166194593886,4.480904743701712e-07,0.5365167820550893,4.400096877079996e-07,0.4924134364368559
3.441455270041991e-07,0.531026725678856,4.483467143591936e-07,0.5183992228865428,4.400796531840203e-07,0.4983476411964457
3.443248092863586e-07,0.5044073914073974,4.483762214467376e-07,0.5176146512997059,4.401370249236597e-07,0.4977901571867377
3.450547517089319e-07,0.4060572128910715,4.484572926190061e-07,0.5199897112901989,4.479959797169766e-07,0.493954367405761
3.451155001332806e-07,0.4324164758840777,4.505862768365708e-07,0.5238459131932796,4.480228155041093e-07,0.4926464796239646
3.45164421453892e-07,0.4430252937076146,4.560904207513806e-07,0.5361720388964352,4.481115388546404e-07,0.498842341981276
3.467765579579354e-07,0.4642570521902119,4.563225719715942e-07,0.5199542863372631,4.481777676386727e-07,0.4983906403075692
3.49537562375544e-07,0.5036494931033169,4.563518714789464e-07,0.5185223759799455,4.560096615101456e-07,0.4941087437228216
3.521163971999662e-07,0.5320298953755059,4.564375506309827e-07,0.5207784734001834,4.560373552786721e-07,0.4929227495370782
3.521466721921243e-07,0.5289837478723824,4.591317963792938e-07,0.5258044418293354,4.56111872523921e-07,0.4986550464405082
3.523376869014416e-07,0.5008436242854054,4.640905440115842e-07,0.5358829019784906,4.561817958468882e-07,0.4981686420645774
3.530080378915069e-07,0.4100596981152799,4.64304998101299e-07,0.5204338140008117,4.640228449468515e-07,0.4943561951390548
3.530694046259177e-07,0.4355936931219281,4.64342618160312e-07,0.5202351323426551,4.640497822807187e-07,0.4930408496311162
3.531186579056441e-07,0.445614953384133,4.644295166209839e-07,0.5212627348243128,4.64110664728782e-07,0.4984095345688157
3.545885789443097e-07,0.4632274093500657,4.72090596810653e-07,0.5356089312011382,4.641929371121664e-07,0.4979352762062705
3.574754671562546e-07,0.5026749302435335,4.722853466384078e-07,0.5215036228883341,4.720358993790588e-07,0.4945064635003589
3.60115821368254e-07,0.5302771865256246,4.723251983912744e-07,0.5212239609054319,4.720628088959226e-07,0.4931979117989068
3.601463934006963e-07,0.5273508536263358,4.724247967312393e-07,0.5218119620266711,4.721063658854143e-07,0.4980803326360242
3.603368853682119e-07,0.4992027148084839,4.800905429293455e-07,0.5353499758328536,4.721411026067428e-07,0.4965246442635751
3.609635150234829e-07,0.4141297114521372,4.802653263857989e-07,0.5228759650914471,4.800484205153296e-07,0.4946120121610114
3.610242702605891e-07,0.4384677949430804,4.802984708467381e-07,0.5216382002026483,4.800694585955867e-07,0.4935273656363088
3.610745887152551e-07,0.4481338844951941,4.803977176909311e-07,0.5226331955290576,4.801089519575003e-07,0.4977553834340739
3.624212474991843e-07,0.4626951687533293,4.880905619906117e-07,0.5351358467582097,4.802341667767066e-07,0.4972849939170718
3.65436123063759e-07,0.5020366814962911,4.882495692335463e-07,0.5235742047882072,4.880600649674478e-07,0.4946493270311246
3.681154383492079e-07,0.5286464761755526,4.882888907883029e-07,0.5227425998190292,4.880759679112702e-07,0.4945666288382948
3.681452068809451e-07,0.5259954848162921,4.960904531926142e-07,0.5349084749915382,4.88134128625822e-07,0.4968809642577479
3.683233175035972e-07,0.499364933501725,4.962317409825163e-07,0.5248812554267687,4.960913084794809e-07,0.4960499879744163
3.689207203213166e-07,0.4181096616727944,4.962657675166949e-07,0.5231668894076541,4.96138641715426e-07,0.4953931189499774
3.689812608426269e-07,0.4413527874471604,4.964148603244022e-07,0.5236839172869023,5.041416483136537e-07,0.4950997782346175
3.690328054449029e-07,0.4505666804824192,5.040902758588755e-07,0.5346974154342838,5.121429168473216e-07,0.4955106796370776
3.702247334596039e-07,0.4619551170063507,5.042136839509598e-07,0.5262751547149921,5.200755823864202e-07,0.4972573857047718
3.734161842887922e-07,0.5016396594328022,5.042469899420422e-07,0.5237069737377783,5.201498570124163e-07,0.4942807976778185
3.761163524320492e-07,0.5272244737349372,5.04421784552207e-07,0.5242707494847599,5.280746229233126e-07,0.4972674289794115
3.761471574480631e-07,0.5240391327355867,5.120903981049654e-07,0.5345447479179384,5.281517969255276e-07,0.4941895118274054
3.763498465478478e-07,0.4942310834214441,5.122018007392985e-07,0.5268055135975263,5.360742588827139e-07,0.4972535208667046
3.768801192125052e-07,0.4221179666904639,5.12235305136973e-07,0.5244321906641893,5.361534427196133e-07,0.494111769872792
3.769390950079914e-07,0.4439199949817562,5.200905533595573e-07,0.53442684206388,5.440740528466515e-07,0.4972371928297216
3.769912257301853e-07,0.4528631234726342,5.201916643997219e-07,0.5271486731973194,5.441546835939073e-07,0.4940580232501006
3.780519053623542e-07,0.4617173581235335,5.202282468219112e-07,0.5251691063520122,5.520740204792725e-07,0.4972398538191829
3.814297844430239e-07,0.5016117965269602,5.280902337710065e-07,0.5342496576840051,5.521556588051946e-07,0.4940165961613573
3.84115643494335e-07,0.525704851280501,5.281768509752637e-07,0.5284239405746002,5.600738795236824e-07,0.4972155632916223
3.841459797299426e-07,0.5228333705053343,5.282112232252135e-07,0.5255650746303405,5.60094565535463e-07,0.4957851766740262
3.843329921688554e-07,0.494986504615064,5.36090560593349e-07,0.5341818515055482,5.601549125306625e-07,0.4941670844406347
3.848402548465343e-07,0.425824176580389,5.361698872190502e-07,0.528490146770347,5.680736123680173e-07,0.4971632223718294
3.849004613202674e-07,0.4468922816837337,5.362061186445294e-07,0.5261910762729347,5.680926483367298e-07,0.4961479907567337
3.849536716135323e-07,0.4551020338905818,5.440903632787026e-07,0.5340561369019632,5.681561585815845e-07,0.4940505016488848
3.858822145065034e-07,0.4616911025383292,5.441595910659115e-07,0.5292670702207632,5.760736408133927e-07,0.4971670927331024
3.894665312926728e-07,0.5017787873622347,5.441949221231797e-07,0.5266152109319394,5.760928852325924e-07,0.4961930974571517
3.921160521380669e-07,0.524386175261445,5.520905887764344e-07,0.5340001453884643,5.761568937348831e-07,0.4939980367130915
3.921471428079022e-07,0.5211821589021601,5.521524256785669e-07,0.5295925211057728,5.840735074323757e-07,0.4971381995793555
3.923490656334052e-07,0.4913754598965469,5.521891395496038e-07,0.5270758973728135,5.840926516712432e-07,0.4963340205760596
3.928019054075287e-07,0.4293968531950364,5.600901739649759e-07,0.5338590846349176,5.841575792658195e-07,0.493945192270525
3.928637482810928e-07,0.4497946630975498,5.601434640890159e-07,0.530387665497036,5.920738192643322e-07,0.4971968442521165
3.929158332807806e-07,0.4572191682384965,5.601779227951284e-07,0.5274097909989651,5.920930689526463e-07,0.4962906842502248
3.937698456756403e-07,0.4623972548151551,5.680902726967092e-07,0.5338037869899729,5.921578568183592e-07,0.4939302278227952
3.975174603774581e-07,0.5020448786188277,5.681381032783478e-07,0.5306074741183007,6.000737573844726e-07,0.4971815803382573
4.001162159675529e-07,0.5230892897211963,5.681741632077437e-07,0.5277934918874091,6.000933821876609e-07,0.4962591771150964
4.001474978158012e-07,0.5198021137103889,5.760905339001914e-07,0.5337822452560127,6.00158083094781e-07,0.4939170335025507
4.00354835247703e-07,0.489248017163089,5.761337689250242e-07,0.5307005515562243,6.080738085494871e-07,0.4971886475477819
4.007654954888104e-07,0.432969917643881,5.761727071562605e-07,0.5281437430896567,6.080932612139249e-07,0.4963209449684555
4.008285775863097e-07,0.4525854098273431,5.840900268640675e-07,0.5336524868596932,6.081582263177911e-07,0.4939077179893817
4.008810978489696e-07,0.4592481951756626,5.841282485145796e-07,0.5311654932848933,6.160735067278458e-07,0.4971255457931824
4.017329884191122e-07,0.4638763687918955,5.841658192980251e-07,0.5284143684701181,6.160930248813083e-07,0.4964070108803046
4.055548309336272e-07,0.5021829289686424,5.920902678828467e-07,0.5336385428709383,6.161583795108398e-07,0.4938947843639409
4.081161051532002e-07,0.521855127459452,5.921247522778188e-07,0.531262648362948,6.240736369613558e-07,0.4971484972412498
4.081466778177382e-07,0.518746587508112,5.921656379333835e-07,0.5286822525912297,6.240931642860451e-07,0.4963824870305933
4.083438942488796e-07,0.4894670682825228,6.000903626673354e-07,0.5336012246020045,6.241583993290737e-07,0.4938941357815043
4.087314720695334e-07,0.4365963512826823,6.001215690059636e-07,0.531360350664064,6.320736289751799e-07,0.4971441034734677
4.087941637746425e-07,0.4550936186444995,6.001672999714885e-07,0.5289106010195385,6.320931583991886e-07,0.4963886782142826
4.088479570904955e-07,0.4611910136820644,6.080902319382572e-07,0.5335294258610718,6.321584198936183e-07,0.4938907457499467
4.097317512558335e-07,0.4656465334356954,6.081184489106439e-07,0.531519324403988,6.400736060244272e-07,0.4971370315396642
4.135853729451842e-07,0.5022496033753169,6.081688571545943e-07,0.5291108246039693,6.400933060188392e-07,0.4963470122439134
4.161161228172594e-07,0.5207154179095078,6.160901915096966e-07,0.5334725647567458,6.401584325710752e-07,0.4938871045133323
4.161466532414091e-07,0.5175870488046231,6.161163198895981e-07,0.5314902335346467,6.480736058097353e-07,0.4971347743018544
4.163460954919964e-07,0.4879644591679044,6.161786145188114e-07,0.5294088328547827,6.480930232300506e-07,0.4964176479609832
4.166979012196918e-07,0.4398206825802589,6.240903494260733e-07,0.533444783902614,6.481587887690772e-07,0.4938464361979948
4.167623264131918e-07,0.4576447285577075,6.241151535144679e-07,0.531294983181299,6.560736780017454e-07,0.4971471661511732
4.168159283328708e-07,0.4630632352317141,6.242661937670386e-07,0.5294136446020077,6.56093312227463e-07,0.496330871578288
4.177131840945683e-07,0.4671820061300755,6.320904752295517e-07,0.5334098538736893,6.561583868243663e-07,0.4938852375237145
4.216245321418484e-07,0.5023576808060389,6.321169899522626e-07,0.5306302832917605,6.640735260911557e-07,0.4971152326319616
4.241163013184027e-07,0.5196365314055903,6.40090952387563e-07,0.533417313662098,6.640931559472673e-07,0.4963631295612735
4.241453216400946e-07,0.5167819379899368,6.401553102678855e-07,0.5296695724379337,6.641583543285149e-07,0.4938847679705162
4.243303499261486e-07,0.4889745009263283,6.480912370365682e-07,0.5333852648402527,6.720735800696728e-07,0.4971243458219931
4.246661814510983e-07,0.4429733512756784,6.481555216458795e-07,0.5297735048134355,6.720930523501839e-07,0.4963796259073612
4.247317493042507e-07,0.4600115111489737,6.560913258316036e-07,0.5333144872867337,6.721583484912258e-07,0.4938812428478684
4.247857172083674e-07,0.4648574497200404,6.561568212468769e-07,0.5298698854440107,6.800737686091066e-07,0.4971604675776047
4.257115138972604e-07,0.4687943610407715,6.640924249423028e-07,0.5333081395333492,6.800930530185601e-07,0.4963681990169857
4.296670054362764e-07,0.5024803885561894,6.641555624253302e-07,0.5299518536919525,6.801582860611416e-07,0.4938841562388269
4.321161499707383e-07,0.5185941394029999,6.721046656651898e-07,0.5317572608858289,6.880738396927744e-07,0.4971735254273955
4.32147325115603e-07,0.5153115073445652,6.724657404166024e-07,0.530129718774685,6.88093434717738e-07,0.4962551377781236
4.323540867123464e-07,0.4846805116652257,6.801047563327043e-07,0.5315684786876429,6.881582528665793e-07,0.4938836238834993
4.326358716214556e-07,0.4459753581300983,6.881053893315897e-07,0.5313571376971288,6.960738286249388e-07,0.4971703358018446
4.327035254964925e-07,0.4623949663366643,6.96105600560131e-07,0.5312512153287707,6.96093370418868e-07,0.4962621049015132
4.327578269139854e-07,0.4665613591163488,7.041073510558477e-07,0.531065324750373,6.961582105802198e-07,0.4938848582078089
4.3371193579914e-07,0.4703612214877954,7.121112822582947e-07,0.5308725742067013,7.040736749981759e-07,0.4971388864290336
4.37719173769135e-07,0.5026441125692728,7.201160224881994e-07,0.5307524858256945,7.040933387006804e-07,0.4962615941824511
4.401152971095312e-07,0.5175447651305309,7.281244478788734e-07,0.5306036577464489,7.041581786382988e-07,0.4938849397281889
4.401449599078929e-07,0.5148298612838371,7.361347221115064e-07,0.5304801964610667,7.12073580030312e-07,0.4971192728960502
4.403254799046539e-07,0.4875469106330271,1.007796022720962e-06,0.5299240538618177,7.120929255015543e-07,0.4963611785805906
4.406079990072499e-07,0.4489754446295625,1.007848437877637e-06,0.5317437222516239,7.121581246015781e-07,0.4938879245606042
4.406765970095807e-07,0.4645892261484724,1.008106478389469e-06,0.5497523107277681,7.20073758680588e-07,0.4971540264066251
4.407320326092546e-07,0.4681852054218478,1.008167088767848e-06,0.5456069777483821,7.200933923483483e-07,0.4962304094891113
4.417131681369123e-07,0.471857941107451,1.008810636741438e-06,0.547907827356811,7.20158088735087e-07,0.493888888869022
4.457796895628318e-07,0.5028192436695302,1.015532925922284e-06,0.5368927628149581,7.280737357131273e-07,0.4971485913489315
4.48115859622882e-07,0.5166756501923808,1.015585252456273e-06,0.53860434867745,7.280933356486115e-07,0.4962349629457644
4.481458761080298e-07,0.5137010881165821,1.016104039516374e-06,0.5736421681233463,7.281580619058354e-07,0.4938886168594033
4.483399322400632e-07,0.4846224025496955,1.016149480646576e-06,0.5671021187847337,7.36073520681562e-07,0.4971055821904527
4.485807752797746e-07,0.4517230472808194,1.016492881585305e-06,0.5697528664822724,7.360927531273983e-07,0.4963817792493391
4.486513709783158e-07,0.466710992990207,1.022639947176862e-06,0.5493303054949796,7.361580369342292e-07,0.4938892203859078
4.487081143064658e-07,0.4697529028120516,1.023351242659761e-06,0.5463655614028495,7.440734853329714e-07,0.4970984766243034
4.497256274518119e-07,0.4733732929505093,1.023407338524787e-06,0.5483118388833127,7.440928026160946e-07,0.4963609582068426
4.538414619026283e-07,0.502979626260217,1.024104094593818e-06,0.5941448118979721,7.441580062638521e-07,0.4938905431148535
4.561159252002054e-07,0.5158160438378407,1.024147484098323e-06,0.5869782510704514,7.520734808469786e-07,0.4970974387980636
4.561464028030387e-07,0.5127138629648368,1.024439676987667e-06,0.5893771442799416,7.520927756537325e-07,0.4963619702331777
4.563450431393483e-07,0.4830198660879688,1.029693474495073e-06,0.5623347678013019,7.521579804966673e-07,0.4938914968405474
4.565552718246622e-07,0.4543761485929461,1.031246621708131e-06,0.5556987471779249,7.600738465845117e-07,0.4971697784403948
4.566273024924171e-07,0.4686637063515616,1.031302292353687e-06,0.5575104617428012,7.600934625902162e-07,0.4961814947057002
4.566866883460545e-07,0.4712147869034459,1.032104246048662e-06,0.6092308319528715,7.601576720157582e-07,0.4939239814250811
4.57749763642501e-07,0.474900052393752,1.032149260140899e-06,0.6018551589905938,7.680738541783078e-07,0.4971710529977014
4.619224731517448e-07,0.5032125964094245,1.032389010313496e-06,0.6042404024886914,7.680932830040409e-07,0.4962210294350037
4.641153194460853e-07,0.5149299477797391,1.037303855111629e-06,0.5728712666428039,7.68157655447868e-07,0.4939243980448795
4.641448182788926e-07,0.512231028991899,1.039204181644007e-06,0.5634002949776569,7.76073559083235e-07,0.4971123687013536
4.643256973688349e-07,0.4848189056849618,1.039266251569671e-06,0.5656842192005113,7.760929857428391e-07,0.4962922741964694
4.645309311035508e-07,0.4568828760697698,1.040104545932517e-06,0.6189677087083746,7.761579216413797e-07,0.4938935276124429
4.646051977850436e-07,0.4705796088844856,1.040150338289037e-06,0.6116555304403652,7.840738214980637e-07,0.4971642046418754
4.646694629527757e-07,0.4725192246871145,1.040366104225813e-06,0.6140529682519125,7.840931725714227e-07,0.4962403500801718
4.658467723354998e-07,0.4768508293779553,1.045119612529842e-06,0.5804915138779004,7.84157916725816e-07,0.4938929956939774
4.700392998205842e-07,0.5035869795664115,1.047204989147918e-06,0.5692612557500826,7.920737897364557e-07,0.4971578727346823
4.721154271000625e-07,0.5141757342295226,1.047269638353327e-06,0.5717049920245065,7.920931680609791e-07,0.4962386919725462
4.721446878953146e-07,0.5114752282135673,1.048104924220534e-06,0.6243684455503622,7.921576195878499e-07,0.4939246462352471
4.723242765641052e-07,0.4842056813863487,1.048152720798248e-06,0.6171611457186115,8.000738190055472e-07,0.4971636465905971
4.725071135481187e-07,0.4591159532498104,1.048345521197354e-06,0.6197233842696265,8.00093105898206e-07,0.4962527494858791
4.725850554135017e-07,0.47241305908776,1.053063138519259e-06,0.5854038717930494,8.001578768203666e-07,0.4938957921002778
4.726553195187851e-07,0.4736652020704029,1.055233221525848e-06,0.5735043780549468,8.080738367134187e-07,0.4971670859426592
4.740018445491162e-07,0.4790775365845372,1.055292793073421e-06,0.5755203800328471,8.080934122247069e-07,0.4961761062743197
4.78226206471307e-07,0.5042145629632657,1.056105096332562e-06,0.6266770799866155,8.081576123128352e-07,0.4939240749749356
4.80115293966063e-07,0.5134170103104735,1.056153827034748e-06,0.6196189921466575,8.160738274639426e-07,0.4971650026623043
4.801449834505483e-07,0.510658053059035,1.056338512845768e-06,0.6222596872927642,8.160932216354962e-07,0.4962209852872171
4.803316059384371e-07,0.4824375682599705,1.061091578744879e-06,0.5882011385772292,8.161575961752038e-07,0.4939259979095256
4.804854019193512e-07,0.4613558528348418,1.063277177389366e-06,0.5764715730059686,8.240738278096541e-07,0.4971650190649788
4.805647857164407e-07,0.4739875885746132,1.063331280807416e-06,0.5780210728354727,8.240934034160581e-07,0.4961753998408455
4.80645630071097e-07,0.4747140415547589,1.064094767152724e-06,0.6277099809550087,8.241576654580183e-07,0.4939171212023334
4.822069403934996e-07,0.4815048431275684,1.064160911217668e-06,0.6198038011639664,8.320738377143507e-07,0.4971669452957388
4.865251716568742e-07,0.5052129191874666,1.064307949442498e-06,0.6228184870041101,8.320931557655968e-07,0.4962351424841869
4.881160481260343e-07,0.5127905149927173,1.069207995910973e-06,0.589399731674868,8.321578624236915e-07,0.4938959335006765
4.881469339157557e-07,0.5095350020451629,1.071329322443319e-06,0.5784289468938542,8.400738247656771e-07,0.4971644359453855
4.883530315529689e-07,0.4787558236925953,1.071386899992371e-06,0.580287713686762,8.400933944350506e-07,0.4961756890502488
4.884653663738605e-07,0.4635300239691418,1.072094844053586e-06,0.6265922222677237,8.401576003904071e-07,0.4939238731855696
4.88547158178457e-07,0.4755673144407501,1.072161745216051e-06,0.6189416701004037,8.480738272882679e-07,0.4971647718237943
4.902661520743031e-07,0.4828150639473041,1.072306851009585e-06,0.6219762884527088,8.480934099912564e-07,0.4961715011921554
4.947249307704713e-07,0.5056552272351966,1.077330847724735e-06,0.5898834130174866,8.481575717455512e-07,0.4939274120727517
4.961152399909339e-07,0.5120334767005666,1.079383768530606e-06,0.579799560075733,8.560738246110644e-07,0.4971643594279404
4.961439352886414e-07,0.5094944647839597,1.079444752779244e-06,0.5819443836389986,8.560934090761668e-07,0.4961708926604192
4.963183007485855e-07,0.4828193934180917,1.080094536129959e-06,0.6246993673797321,8.561575682685253e-07,0.4939275604195587
4.964459440395283e-07,0.4654908173571783,1.080162720651118e-06,0.6173516968619698,8.640737788568268e-07,0.4971552643300764
4.965300165629676e-07,0.476961157045626,1.080308493296264e-06,0.6204189536471573,8.640930690104652e-07,0.4962533955889613
4.981515657628005e-07,0.4829694180935657,1.085480531701077e-06,0.589854760793076,8.641578414814089e-07,0.4938971033590739
5.027453755253093e-07,0.5053552753464026,1.087437208116671e-06,0.5808497325649133,8.720738308591389e-07,0.4971657494748742
5.041154171303049e-07,0.511400218983545,1.087493962944656e-06,0.5826685958441101,8.720930935824901e-07,0.4962471335742318
5.041449874809323e-07,0.5086211170320529,1.08809538167323e-06,0.6225901127140911,8.721578466385214e-07,0.4938965525985718
5.043294321676998e-07,0.4806351702430074,1.088162839441402e-06,0.615447336235713,8.800738313150982e-07,0.497165557388078
5.044276189498751e-07,0.4674183714057345,1.088313697967455e-06,0.6184975847038452,8.80093148576731e-07,0.4962329563776162
5.045142202504079e-07,0.4783141882222207,1.093655381356599e-06,0.589543505029376,8.801575770741411e-07,0.4939257914225088
5.060356874069438e-07,0.4831683144346082,1.095488233107762e-06,0.5816608205081853,8.88073828738981e-07,0.4971649200921255
5.107667021062465e-07,0.5050702594024667,1.095542167179278e-06,0.5832512387508034,8.880930835434051e-07,0.496249007540757
5.121160217877786e-07,0.5108701128619159,1.096094863247669e-06,0.6202098416174936,8.881578701867012e-07,0.4938936746774092
5.121454410277786e-07,0.5079072924110003,1.096165564061699e-06,0.6134582888988451,8.960738249898464e-07,0.497164213417448
5.123328783041458e-07,0.4795296439884545,1.096315290224814e-06,0.616479586498584,8.960930821624737e-07,0.4962497179536013
5.124098757567629e-07,0.4692126509963979,1.101847716987639e-06,0.5891298583184972,8.961578555191678e-07,0.4938953593251124
5.124996029055528e-07,0.4795886706541845,1.103536420913724e-06,0.5822777791212091,9.040738053104773e-07,0.4971602398357408
5.139423120588217e-07,0.4835145714688623,1.103592015833353e-06,0.584025544976864,9.040930551097952e-07,0.4962561037128645
5.188254595010021e-07,0.5049306842875092,1.104095060349345e-06,0.6179375629506807,9.041578452627852e-07,0.4938963474854738
5.201158157268861e-07,0.5102861060140941,1.10416651659152e-06,0.6115387996958606,9.120738242205948e-07,0.4971640356370514
5.201458781373473e-07,0.5072144810375078,1.104322002906747e-06,0.6144790440143563,9.120930770348844e-07,0.4962494238208129
5.203422929837403e-07,0.4776276528352818,1.110051884813392e-06,0.5887198628796804,9.121578320054786e-07,0.4938974821688086
5.203927632800865e-07,0.470872194683,1.111581176075105e-06,0.5828249647600142,9.200738223540181e-07,0.4971636782357508
5.204866119290218e-07,0.4807941256548132,1.111636766650499e-06,0.5845929786450036,9.200930734328542e-07,0.4962502017422483
5.21842931152049e-07,0.4838412350282054,1.112095345645176e-06,0.6157752742204801,9.201578380951654e-07,0.4938969975898858
5.268923965702382e-07,0.5048088039541685,1.112167234012891e-06,0.6097219197186945,9.28073852798554e-07,0.4971696977051927
5.281156764061099e-07,0.5097205868304958,1.112333747840978e-06,0.6125823828719672,9.280933397386781e-07,0.4961846408285546
5.281451203351965e-07,0.5068502588095719,1.118250026401125e-06,0.5883952113386156,9.281575553818757e-07,0.4939282080123796
5.283347860493634e-07,0.4781126328595255,1.11962261406717e-06,0.5833310427086996,9.360738290488186e-07,0.4971650866143733
5.283770632460174e-07,0.4725019985015389,1.119677513212448e-06,0.5850459207714862,9.360931444934835e-07,0.496232815866342
5.284746200685875e-07,0.4819198867979339,1.120095936869534e-06,0.6137671295229084,9.361575687357251e-07,0.4939264777606409
5.297624730297425e-07,0.4842848118259457,1.1201675168943e-06,0.608012612548152,9.440738231805857e-07,0.497163856224523
5.349885753286481e-07,0.5047637597421597,1.120346935221887e-06,0.6107930743607562,9.440930741191152e-07,0.4962501839682975
5.361154032384551e-07,0.5091828697669929,1.126469397793832e-06,0.5880732298021073,9.441578510256774e-07,0.4938957187369592
5.361436185099686e-07,0.5066649900999934,1.127660995380474e-06,0.5837697567817031,9.520737277322872e-07,0.4971449573506528
5.363173477817103e-07,0.4799885223239905,1.127717436880221e-06,0.5856216518099963,9.520930265360799e-07,0.4962625905580458
5.363619443114024e-07,0.4740198643516672,1.1280956596048e-06,0.6118208042801021,9.521578779779923e-07,0.493892960146919
5.364625063819526e-07,0.4829169429157232,1.128168792089461e-06,0.6065454659448443,9.600738228455543e-07,0.4971639059047663
5.377304289871584e-07,0.4849258169144088,1.128373837224932e-06,0.6091325348687244,9.60093073792893e-07,0.4962502398002883
5.431133872122385e-07,0.5047716194607379,1.13467726247694e-06,0.5878642485289759,9.601578397231016e-07,0.4938969906428776
5.441161798986369e-07,0.5087799329977161,1.135696459968908e-06,0.5841800883780885,9.680737317265815e-07,0.4971457963467782
5.441471208628928e-07,0.5054166154141696,1.135753440545253e-06,0.5860955270877487,9.68093028256338e-07,0.4962621371617585
5.443473141932087e-07,0.4754410509029678,1.136095727220524e-06,0.6100363706949604,9.681578614173855e-07,0.4938947779345039
5.444514260692233e-07,0.4838566624339354,1.136170062639586e-06,0.6052497233179914,9.760737371863756e-07,0.4971469149750195
5.45714601308791e-07,0.4856169702840481,1.136425180126851e-06,0.607576443854298,9.760931906304713e-07,0.4962220928850961
5.512707831708182e-07,0.5048496735284443,1.142858833059446e-06,0.5877759506651523,9.761575597707961e-07,0.4939281698547024
5.521155625519558e-07,0.5082628521035921,1.143729215216306e-06,0.5845747315058998,9.840738156100285e-07,0.497162397607018
5.521451711720928e-07,0.505386991958669,1.143785557631209e-06,0.5864482033811527,9.84093005895609e-07,0.4962690596020763
5.523334642570771e-07,0.4767883761819472,1.144108875042071e-06,0.6076949390259826,9.841578440440663e-07,0.4938968710845231
5.524410688516633e-07,0.4846749163109348,1.144170596753762e-06,0.6040183764421686,9.920737475694621e-07,0.4971489187728466
5.537753880348335e-07,0.4865777007381712,1.144484333802513e-06,0.6061325272427835,9.920931919030271e-07,0.4962218400561949
5.594862113358111e-07,0.5050200891706828,1.151067093202502e-06,0.5876737696603802,9.921578388772552e-07,0.4938973443551953
5.601154976478297e-07,0.5078319890667828,1.15175958802081e-06,0.5849407792387685,1.000073880585293e-06,0.4971754207926339
5.601451022788516e-07,0.5049615224715744,1.151815772829725e-06,0.5868109563062435,1.000093389046584e-06,0.4961734526324815
5.603203759553577e-07,0.4780548603137907,1.152109172602205e-06,0.6062461747396825,1.000157558328087e-06,0.4939281914385723
5.604300437075121e-07,0.4853862837240116,1.152171279213275e-06,0.6029218165360538,1.007748081597647e-06,0.4942084246192383
5.618980685196309e-07,0.4877042660869343,1.152585346800117e-06,0.6047361346743655,1.007773535841832e-06,0.4928947578539428
5.677811796168883e-07,0.5053067121354344,1.159257085692757e-06,0.5876526870427138,1.008076847217549e-06,0.5099662492688344
5.681168357260329e-07,0.5075555059413117,1.159787778724031e-06,0.5852802860463374,1.008153534509029e-06,0.5068688107552027
5.681491060758397e-07,0.5036847688556125,1.159845189096289e-06,0.5872463872179448,1.009109929018647e-06,0.5081173036860542
5.683087275908928e-07,0.4793389160890174,1.160109990082304e-06,0.6048192189886381,1.015422374195097e-06,0.4983015550245243
5.684205632301947e-07,0.4860458094825629,1.160172105102684e-06,0.6019542859105199,1.015450401938727e-06,0.4971034732043472
5.700766260869693e-07,0.4889780473786567,1.160780589968459e-06,0.6032462574975523,1.016076460922017e-06,0.5292831911672068
5.761153898375229e-07,0.5070321089058656,1.167455137530967e-06,0.587652122764605,1.016118026540518e-06,0.5244856798909827
5.76144617789217e-07,0.5042628395338754,1.16781472952016e-06,0.5854634368073758,1.016159280663381e-06,0.5249376497406335
5.762972821418708e-07,0.4804960783558787,1.167889747282201e-06,0.5888658129224534,1.017033975108788e-06,0.5243141785812544
5.764118187382419e-07,0.4866784774676169,1.168109603577177e-06,0.6036434790006511,1.02100778105947e-06,0.5094251550222998
5.782640809888929e-07,0.490176879772956,1.168172779003868e-06,0.6010486592825907,1.023167367775577e-06,0.5039520775273925
5.841155533950909e-07,0.5066834069183433,1.16908293259045e-06,0.6015704652439824,1.023195804530453e-06,0.5027577922265131
5.841450171415306e-07,0.5038043787500679,1.175796714402259e-06,0.5875013532636703,1.024076451212935e-06,0.5461332713697283
5.842859366285796e-07,0.4815339387815827,1.175868123105717e-06,0.5858197333182286,1.024117249422743e-06,0.5407332796277284
5.844037546722891e-07,0.4872862781337406,1.176110949367996e-06,0.6023621432762877,1.024168878900464e-06,0.5419043141106047
5.864574347375552e-07,0.4912804267502527,1.176174271878685e-06,0.600293755848887,1.02526421862463e-06,0.5372111859109303
5.921152915054396e-07,0.5063008622123684,1.1776946016038e-06,0.5991483551295481,1.028476969915907e-06,0.5191139973524816
5.921445219989796e-07,0.5035636446294343,1.183860683636061e-06,0.5861484340938692,1.03098741755248e-06,0.5101338128301564
5.922755671205347e-07,0.482539558584359,1.183917271308523e-06,0.5880619984691763,1.031016369730843e-06,0.5089563270779458
5.923977735585284e-07,0.4878717332123518,1.184111429822958e-06,0.6012794935419377,1.032076337781404e-06,0.5594644309511883
5.947006284842591e-07,0.4924352380677609,1.184180611245734e-06,0.5994081057495039,1.032118646825726e-06,0.5539367045196704
6.001153107377489e-07,0.5059684778616872,1.185944011898605e-06,0.5978460668664537,1.032521671457563e-06,0.5546373816049688
6.001439089129114e-07,0.5033621721114887,1.191881362015455e-06,0.5863996304102808,1.035890120351701e-06,0.5295500138911774
6.002666611765446e-07,0.4835440749391428,1.191935698148386e-06,0.5881367921514418,1.038877159946051e-06,0.5160486816659507
6.003920184751422e-07,0.4884366728350356,1.192112248192211e-06,0.6002390801004425,1.038906015975282e-06,0.5149049496968805
6.030292236550283e-07,0.4937043994704222,1.192183944195343e-06,0.598698646043341,1.040076137688718e-06,0.5693047431310938
6.081155605005903e-07,0.5056838254978321,1.194589102778368e-06,0.5958563740920744,1.040120871962731e-06,0.5638057076059119
6.081456505110264e-07,0.5026679076476817,1.199900543732236e-06,0.5866264622093359,1.04047375358429e-06,0.5644975813716366
6.082574911959478e-07,0.4844555627039732,1.19995493705613e-06,0.5883607220632856,1.043755193776745e-06,0.5370081897134342
6.083872751107705e-07,0.4889534662542752,1.200112042741563e-06,0.5993673370109656,1.046825568205549e-06,0.5214910495301832
6.118154829315662e-07,0.4959436241852938,1.200185548562877e-06,0.5980511721399493,1.046854405369864e-06,0.5202211236530535
6.161157650812024e-07,0.50541087956102,1.207914147442966e-06,0.5874996771551305,1.048075829450149e-06,0.5761037980176826
6.161461488369236e-07,0.5022660617547109,1.207949117857654e-06,0.5868007234284652,1.04812269356528e-06,0.5706912756735132
6.162488318065965e-07,0.4853290042474831,1.208113454367915e-06,0.5984182966451185,1.048439079534006e-06,0.5714794687698607
6.163821026659614e-07,0.4894433602514145,1.20818977863736e-06,0.5975719474480298,1.051717689515237e-06,0.5425951419489683
6.241155090183285e-07,0.5051104582331938,1.215934735270392e-06,0.5870035841663167,1.054821569589156e-06,0.5260621165900351
6.241452973547472e-07,0.5021764431609109,1.215989192274867e-06,0.5887469371803138,1.054849441221845e-06,0.524764505302723
6.242405513703319e-07,0.4861566484834076,1.216113417061949e-06,0.5976615614784219,1.056076052521705e-06,0.5804990345306162
6.243803193872351e-07,0.4898552635006714,1.216192902954039e-06,0.59705947546037,1.056122734149196e-06,0.5750552443527059
6.321154996899775e-07,0.5048551041373409,1.223949834181798e-06,0.587173024341879,1.056419448218701e-06,0.5760000653146184
6.321453215797985e-07,0.5019197051755675,1.224003424993168e-06,0.5888447336191978,1.059727860850624e-06,0.5466600262313128
6.3223364421754e-07,0.4869617231997353,1.22411362162455e-06,0.5969369191382842,1.062852760766007e-06,0.5299412297613597
6.323774778913783e-07,0.4902675063963423,1.224197730742569e-06,0.5965914738316461,1.06288183924474e-06,0.5286740347060686
6.401152784994975e-07,0.5045930289074543,1.231963725331937e-06,0.5873160563127862,1.064076215645969e-06,0.5828806362483825
6.401443880918515e-07,0.5018864150105713,1.232017267063897e-06,0.5889849557491291,1.064122805870293e-06,0.5774152374112892
6.402261876175844e-07,0.4876996707704702,1.232114307094316e-06,0.5962312067200396,1.064407349882914e-06,0.578530574664436
6.403762402659801e-07,0.4906523434141409,1.232212921818569e-06,0.5962176803085213,1.067781436747888e-06,0.5493974356066456
6.481156421706684e-07,0.5044075798251584,1.239976485675594e-06,0.5874348735385576,1.070909008874695e-06,0.5330955081309358
6.481456393017382e-07,0.5013959507371091,1.240029160520989e-06,0.5890516340948879,1.070937162399845e-06,0.5318073316179167
6.482193213399593e-07,0.4883999548242949,1.240115735863907e-06,0.5955311974435172,1.072076076094507e-06,0.5836478202876736
6.4837530411504e-07,0.491032979911497,1.247988136290211e-06,0.5875456782029077,1.072123019512865e-06,0.5782276639666777
6.561157537664557e-07,0.5042081665990457,1.248042221246402e-06,0.5892689030936147,1.072402261778978e-06,0.5795172718330497
6.561447357630846e-07,0.5013745927894659,1.248116004996891e-06,0.5949451904261033,1.07586043631027e-06,0.5511372303648161
6.562130701609481e-07,0.4890599549018643,1.255998730142745e-06,0.5876422095052454,1.078981640042779e-06,0.5356104328489948
6.563754681222391e-07,0.4913980782928521,1.256052170976621e-06,0.5893177426014112,1.079013092598989e-06,0.5346039967962856
6.641153069487782e-07,0.5039597574978992,1.256116241382789e-06,0.5944011899841616,1.080075910287099e-06,0.5832344860852238
6.641449736512865e-07,0.5011071042214073,1.264008070297221e-06,0.5877628848500968,1.080123439183388e-06,0.5778618982628879
6.642070497032066e-07,0.4896843701985694,1.264059586549877e-06,0.5892279333590985,1.080400055238675e-06,0.5793299497858149
6.643805003272952e-07,0.4917392848465684,1.264116138030777e-06,0.5939102147246742,1.083969966520485e-06,0.5520632740652787
6.721150115341076e-07,0.5037380494929997,1.27201662272361e-06,0.5878430015251951,1.087062879091366e-06,0.537845161049529
6.721436002446374e-07,0.5012036847981354,1.272067192131803e-06,0.5892067561319951,1.087092463479748e-06,0.5366051595345106
6.722015638539104e-07,0.4902837825115157,1.272116595293665e-06,0.5934350878025102,1.08807606885172e-06,0.5820031793474463
6.723911382430072e-07,0.4920892822881657,1.280024618039492e-06,0.5878468542238456,1.088122981199149e-06,0.5766441897233259
6.801150794450805e-07,0.5035659289649893,1.280077573194e-06,0.5895269980240307,1.088406696297155e-06,0.5782563557928819
6.801440556490033e-07,0.5009180305185285,1.280116109712326e-06,0.5930396762540993,1.092112206354933e-06,0.552354900018443
6.801962644667398e-07,0.4908598825472654,1.288031045353938e-06,0.5879560218223431,1.095148857858246e-06,0.5394594805130631
6.80417783642478e-07,0.4924608840344034,1.28807953975298e-06,0.5893027624475924,1.09518053045808e-06,0.5384762386741764
6.88115665812244e-07,0.5034608462783036,1.288116132269689e-06,0.5926662453577113,1.096075869174897e-06,0.5801125845872209
6.881456719558703e-07,0.5003917550614847,1.296037716864389e-06,0.5878913622788958,1.096123514546238e-06,0.5748904148919862
6.881918131184826e-07,0.4914080512738654,1.296083556553723e-06,0.5895313878305154,1.096422656852917e-06,0.5765940101551974
6.884749109328147e-07,0.4928499320847022,1.296119172817811e-06,0.5922279945796751,1.100269402259144e-06,0.5523063933862308
6.961157212686843e-07,0.5033093228219602,1.304042733760269e-06,0.5879690364376733,1.103234601998455e-06,0.5408856108501121
6.961458622109649e-07,0.5001804818213247,1.304083945798148e-06,0.589256207737648,1.103266253720151e-06,0.5398986914809418
6.9618692037923e-07,0.4919348432855772,1.304120031785528e-06,0.5919054083984815,1.104076192183515e-06,0.5779436466009571
6.966504205706744e-07,0.4932561093729003,1.31204713423811e-06,0.588031221473666,1.104122856224774e-06,0.5727819611987484
7.041151125324006e-07,0.5030930776625455,1.312084939006537e-06,0.5891463366358899,1.104437620370298e-06,0.5746069270980692
7.041440210316649e-07,0.5004161511675644,1.312122314299962e-06,0.5915802014863486,1.1084536442728e-06,0.5519907883964454
7.041835829387552e-07,0.4924182967592522,1.320051324560509e-06,0.5880314950628071,1.111318072599239e-06,0.5420627038675809
7.121158017244417e-07,0.5030185706638182,1.320086342519693e-06,0.5891688524253103,1.111349698964601e-06,0.541071897704082
7.121453542944849e-07,0.499917658254117,1.32012505968914e-06,0.5912783697154939,1.112075879541094e-06,0.5754623828935155
7.121797174457871e-07,0.4928874581029306,1.328054850065543e-06,0.5880558921745945,1.112123556687829e-06,0.57054302697409
7.201150580135836e-07,0.5028001830910031,1.328087055910812e-06,0.5890925660493622,1.11246230491923e-06,0.5724045257900874
7.201426583749352e-07,0.5003401534798707,1.328127415656232e-06,0.5910217702118411,1.11666386673379e-06,0.5515346737656448
7.201768867713139e-07,0.493314012509473,1.336057659035244e-06,0.5881249812382201,1.119397649343283e-06,0.5430414273389681
7.281155269007769e-07,0.502713375307044,1.336087666431555e-06,0.5890294159517206,1.119429247964117e-06,0.5420463763130371
7.281429565336746e-07,0.5000010193586861,1.336130510182323e-06,0.5907763436142786,1.120076135299584e-06,0.5730129207038426
7.281741215666733e-07,0.4937235225458818,1.344060217974788e-06,0.5881746717312404,1.120124203531006e-06,0.5682754829805574
7.36115610948404e-07,0.5025919190697785,1.344087554637701e-06,0.5888413840147629,1.120498661497658e-06,0.5701485386236967
7.36141999520863e-07,0.4999491956741106,1.344130084341394e-06,0.590644677084189,1.124886516545911e-06,0.5510634203136792
7.361715989930208e-07,0.4941164192777673,1.352062670176161e-06,0.5881914123452465,1.127472278159124e-06,0.5439258013727557
7.441152331903045e-07,0.5024317883768427,1.352088662329735e-06,0.5889371570367649,1.127500930111891e-06,0.5426881188854399
7.44140158472896e-07,0.5001436865938624,1.352135777975421e-06,0.5903896639630747,1.128076214501601e-06,0.5705419554848943
7.441696943532357e-07,0.4944789748849097,1.36006472987319e-06,0.5882305101909905,1.128125457120964e-06,0.5660940013045198
7.521154990307438e-07,0.5023455672437626,1.360090090887977e-06,0.5891213271362491,1.128558316020534e-06,0.5678750536816238
7.521395618686808e-07,0.4999796195497474,1.360259302807022e-06,0.5912598191990668,1.133134354375886e-06,0.5505865397055046
7.521689786087124e-07,0.494795904974686,1.368066643358188e-06,0.5882532630321382,1.135542254654403e-06,0.544534669141759
7.601155802391544e-07,0.5022433976434993,1.36809121877202e-06,0.5892544868238087,1.135572405798298e-06,0.5434741386514356
7.601393326211447e-07,0.4997031950747222,1.368710982654974e-06,0.5911584979839551,1.136076174540701e-06,0.5681163979622631
7.601686675512287e-07,0.4950930912940018,1.376067914539508e-06,0.5883507930577653,1.136127472842634e-06,0.5640616210666373
7.681161191753915e-07,0.5021928827413735,1.376092052732316e-06,0.5893354584592396,1.13663478370157e-06,0.5656844488841285
7.681389201401664e-07,0.499490115432424,1.377227219163645e-06,0.5909909266565986,1.14142463933593e-06,0.5501044017110858
7.681712773834392e-07,0.4953139534697845,1.384069559997237e-06,0.5883535763476603,1.143606380620105e-06,0.5451804528138913
7.761161721878584e-07,0.5020931745261573,1.384093695004828e-06,0.5895691134375344,1.143635490641667e-06,0.5439872715706728
7.761398223466044e-07,0.4988983029829808,1.392071064643974e-06,0.5883557061443135,1.144076249920716e-06,0.5658502698950738
7.761812115080449e-07,0.4954529929063097,1.39209740213671e-06,0.5900399866310005,1.144132228564184e-06,0.5621135164044651
7.841160932705054e-07,0.5019792688215716,1.400072391679253e-06,0.5883659128835167,1.144691777207677e-06,0.5636935368990421
7.841402307000862e-07,0.4985387333498325,1.400156758550133e-06,0.589756839313869,1.149783055305574e-06,0.5496300174502028
7.842000377537531e-07,0.4956347976465457,1.408073691902238e-06,0.5883651431166371,1.151665679168505e-06,0.5456908651660003
7.921164321534744e-07,0.5018963172193405,1.408227851389002e-06,0.5907570583122822,1.151694230989053e-06,0.5444490249602637
7.921732999755264e-07,0.4959543406484105,1.416074681044974e-06,0.5883985120517137,1.152076160973224e-06,0.5636891654072842
8.001169214680631e-07,0.5018119780733401,1.416245598629803e-06,0.5906897663284622,1.152146135996002e-06,0.5599765873057474
8.001730106662792e-07,0.496146110103479,1.424075795852109e-06,0.5884034870503583,1.152446377817877e-06,0.5623013158318985
8.081308435413048e-07,0.5003710397147026,1.424259908457959e-06,0.5906373205966142,1.15844353188384e-06,0.5489132801923796
8.081767254309701e-07,0.4962579448954901,1.432076101524472e-06,0.5885184238986813,1.159720074606274e-06,0.5461237399107105
8.161309818892487e-07,0.5001141129651997,1.432369672007554e-06,0.5906108623241502,1.159748420326894e-06,0.5448565607718863
8.161866787776454e-07,0.4963037340796198,1.440077765861711e-06,0.5884302061416934,1.160076682029235e-06,0.5617666049808614
8.241301258096979e-07,0.5001006683844356,1.440305393691416e-06,0.5905661232173403,1.160148705227645e-06,0.5586885045410583
8.241927712628426e-07,0.4964057114365056,1.448078527387872e-06,0.5884679560400293,1.160771706602013e-06,0.560270664975828
8.321311183875169e-07,0.4997424878782051,1.44836543178873e-06,0.5905286889462003,1.16671992100239e-06,0.5488431180652801
8.322105419700073e-07,0.4965495762697987,1.456079047853183e-06,0.5885318633761741,1.167770302451995e-06,0.5464043366739356
8.401313686070697e-07,0.4995934914910401,1.456577134631821e-06,0.5904903846251423,1.167801903025727e-06,0.5454116629929366
8.402257565307864e-07,0.4966550735387771,1.464080526577307e-06,0.5885021368794321,1.168076829810582e-06,0.5599463787992693
8.481321163859279e-07,0.4994268999309841,1.464540204738573e-06,0.5904627536457018,1.168154376365608e-06,0.5577880895795507
8.482387373377253e-07,0.4968772243736039,1.472081947241101e-06,0.5885041163672783,1.169666131041009e-06,0.5568950815967023
8.561331771803938e-07,0.4992900788871231,1.472633039126618e-06,0.5904330576522832,1.175816056293391e-06,0.5466984197019736
8.562582953561013e-07,0.4969652946994413,1.480084077924957e-06,0.5885089752010272,1.175847758441022e-06,0.5457219477802666
8.641360463506892e-07,0.4990524701104481,1.480658745550705e-06,0.5903985980627756,1.176076679586302e-06,0.5581997399954518
8.643147932444661e-07,0.4969398423449619,1.488172482294655e-06,0.5901522036111231,1.176158410814694e-06,0.5567497476974642
8.721385412653632e-07,0.4989151138441545,1.496172933008636e-06,0.590173610774531,1.179068928988853e-06,0.553290116698253
8.723769648550467e-07,0.4970899740637076,1.504174499382916e-06,0.5902908143616303,1.183857987756828e-06,0.5469486379970828
8.801415288639164e-07,0.4987739988715974,1.512193879360021e-06,0.5903662185235435,1.183889725158692e-06,0.5459782478261919
8.805595933536769e-07,0.4972667279325103,2.008082409479537e-06,0.590667976995377,1.184076793455701e-06,0.5566264088207121
8.881452312646297e-07,0.4986056321723666,2.008116022228384e-06,0.5912684464901196,1.184163103760901e-06,0.5557962725788599
8.931186916134851e-07,0.4988789158827476,2.008424674489382e-06,0.567286972543101,1.191896061864034e-06,0.5472222331903368
8.961479517955955e-07,0.498515033785646,2.008511554859633e-06,0.5727033893759869,1.191924903150971e-06,0.5460124466247684
9.041518776300791e-07,0.4983633373574846,2.010402069539139e-06,0.5740308701070729,1.192077500667222e-06,0.5552516017415529
9.121567841253509e-07,0.4981842842308311,2.016090067255922e-06,0.5841863700651519,1.192173076783114e-06,0.5549533070607905
9.201566815539284e-07,0.4982546036047313,2.016172485456596e-06,0.5785513245751076,1.199930987141233e-06,0.5474072981353716
9.281581073048946e-07,0.4982510199785619,2.0167097467454e-06,0.5399014834595365,1.199959394836333e-06,0.5461534726151259
9.361593009438408e-07,0.4982572467126996,2.016783798706814e-06,0.5490453397182204,1.200077733583993e-06,0.5538833713708305
9.441589512040888e-07,0.4983261700975268,2.017343307193365e-06,0.5477793548005765,1.207962742463738e-06,0.5475590343491145
9.521594091950213e-07,0.498356795606376,2.022591463447397e-06,0.5685847577301736,1.20799243286199e-06,0.546352118449529
9.601590474063832e-07,0.4984218375299257,2.024090010792981e-06,0.5737451620000562,1.208079481431529e-06,0.5528019472079744
9.681609541620727e-07,0.4983850631281958,2.024171078873002e-06,0.5684170915374456,1.215991600458678e-06,0.5476419126208438
9.761608574778842e-07,0.498431918516261,2.024879306314064e-06,0.5168716376757826,1.216020487048235e-06,0.5464061696674509
9.84160296512149e-07,0.4984972456567581,2.024962825065899e-06,0.5278508786394661,1.216106713340723e-06,0.5519432942711739
9.921598324375054e-07,0.4985564119812772,2.025342587018478e-06,0.5266389757894531,1.224017507601678e-06,0.5477007637604374
1.000160140718768e-06,0.498579009983526,2.029919904517602e-06,0.5542054253585863,1.224047520092214e-06,0.5465374489891064
1.007894232830905e-06,0.4977634696999271,2.032090142277524e-06,0.563970131306652,1.224108065670248e-06,0.5512434225844686
1.007954284027465e-06,0.5043725614758044,2.032204336387174e-06,0.5564184268833184,1.232040709430253e-06,0.5476862857000915
1.008130363008593e-06,0.5282195458949234,2.032964825030794e-06,0.5019351294973513,1.232067659355277e-06,0.5467129449728768
1.008186670841756e-06,0.5209878157407857,2.033047432627555e-06,0.5130825190836065,1.232106733086363e-06,0.5505072115791654
1.009539237546526e-06,0.5218144684503493,2.0333482602579e-06,0.5118806758642982,1.240060840513927e-06,0.5476128959970873
1.015703821336029e-06,0.5100778572866984,2.037649601436052e-06,0.5434579985914343,1.240080491367126e-06,0.5484339550052865
1.015780845863208e-06,0.5190133049473384,2.040090281002069e-06,0.5563896881635344,1.256073981210736e-06,0.5500593898514587
1.01612773460862e-06,0.5640041656823618,2.040351525368884e-06,0.5389812270266837,1.256187789316277e-06,0.5474655958807114
1.016169394140203e-06,0.5538101242794337,2.040983517559303e-06,0.4936525787410136,1.264073716292539e-06,0.5499973112207511
1.016249542359535e-06,0.5524463832062928,2.041066495003557e-06,0.5045038076737262,1.264179265059339e-06,0.5471203609877301
1.01685549710301e-06,0.5535614885756637,2.041339066520234e-06,0.5033218193646277,1.272073529362471e-06,0.5499110520228755
1.023046869061378e-06,0.5292644977040745,2.045521441909015e-06,0.5365749025578795,1.272094679820853e-06,0.5480781680922379
1.023583782567541e-06,0.5262003633657859,2.048090626786468e-06,0.5511660290945211,1.280073453235028e-06,0.5498580143733519
1.024126099741627e-06,0.5944440051449694,2.048961770012328e-06,0.4902039405116319,1.280092816634091e-06,0.5484748131840336
1.024166390168678e-06,0.5824234307798675,2.049045841176977e-06,0.5005307544682603,1.280411026786982e-06,0.5468461588495315
1.024235169769167e-06,0.5803231896015033,2.049325362857804e-06,0.4994643958346607,1.288073451079845e-06,0.5498291079850779
1.024689297678048e-06,0.5809029200161596,2.053462472939409e-06,0.5327256379307576,1.288092842548791e-06,0.548514290452318
1.030183325596182e-06,0.5482722226408416,2.056090602546753e-06,0.5476938567970395,1.288361365709842e-06,0.5467927840134184
1.031520790999331e-06,0.5410500949410862,2.056919639633051e-06,0.4896610501382356,1.296073520466736e-06,0.5498217450452599
1.031666618427911e-06,0.5584623227923559,2.057003084784314e-06,0.4996453392142085,1.296093076492827e-06,0.54846017500146
1.032126760042912e-06,0.6154784479604989,2.057282272378183e-06,0.4985127938102306,1.296374662018382e-06,0.5467677651470296
1.032165095653956e-06,0.6031147095138287,2.061475529498619e-06,0.5310665577739559,1.304073578560994e-06,0.5498160327386531
1.032232623826259e-06,0.6004901531163455,2.064090135661759e-06,0.5453812676682924,1.304093261392439e-06,0.5483888032286823
1.032558520166473e-06,0.6012137467987508,2.064212457842407e-06,0.5376069926352364,1.304409438340143e-06,0.546750891522935
1.037728966421996e-06,0.5632970823485853,2.064867883984209e-06,0.4909257935413542,1.312073600521252e-06,0.5498050234985096
1.039500654426485e-06,0.5523576262483746,2.064951527252528e-06,0.5004363078864031,1.312093002788464e-06,0.5483957644029576
1.040113064299568e-06,0.6280642063300883,2.065258672471701e-06,0.4993874348368736,1.312399468136776e-06,0.54675172662407
1.040130109078685e-06,0.6274122978652887,2.069496997700886e-06,0.5304539298178974,1.320073404074868e-06,0.5497519457386356
1.0401659669303e-06,0.6160092719996683,2.07209058824401e-06,0.5439467773973377,1.320092786121787e-06,0.5483848045722041
1.04023291176991e-06,0.6134881237822459,2.072813170078453e-06,0.49314900894686,1.320405770023402e-06,0.5467541170646811
1.040538298615534e-06,0.6139689304432179,2.072898253869478e-06,0.502032232890827,1.328073606766876e-06,0.5497827049217824
1.045432250675686e-06,0.5740443959785053,2.073269940935237e-06,0.5012599759972088,1.328093165964596e-06,0.5482561627961908
1.047506323870849e-06,0.5602969262282641,2.077516370791301e-06,0.5303428491438086,1.328548891593703e-06,0.5467558805408963
1.048126482723503e-06,0.635570478615518,2.080090536251043e-06,0.5428716176603549,1.33607341220494e-06,0.549732988488508
1.04816630453277e-06,0.6231965933825826,2.080757490816872e-06,0.4961308709471235,1.336093073202732e-06,0.5482236039002509
1.048232596462882e-06,0.6207185844618645,2.08078208032958e-06,0.4978467194307621,1.336625471852571e-06,0.5467670177426982
1.048514043587959e-06,0.6212804147432445,2.080845764862119e-06,0.5040056507910015,1.344073730901727e-06,0.5497890907120023
1.053286106944888e-06,0.5807699213736562,2.081273490999672e-06,0.5033933990468558,1.344177477822512e-06,0.5467777033148336
1.055527441867596e-06,0.565551285375281,2.085571816720469e-06,0.5306142479027486,1.352073466185607e-06,0.5497277986659068
1.056127587914758e-06,0.6380034381978601,2.088090403534928e-06,0.5419962932570035,1.352094472819882e-06,0.5479268710174233
1.056168174553943e-06,0.6261649124110896,2.088697132842462e-06,0.5003935003671939,1.360073513614861e-06,0.549730502653585
1.056232737691516e-06,0.6240476929243447,2.088722517768188e-06,0.4986195458406559,1.360183851722333e-06,0.5467843924925619
1.056514470493046e-06,0.6245456629238666,2.088794024533696e-06,0.5061720755014592,1.368073744938306e-06,0.5497707665308061
1.061239869284432e-06,0.5845226881952428,2.089190105748097e-06,0.5051736923560888,1.368178068155941e-06,0.5467999219292865
1.063556077899486e-06,0.5689884866484431,2.093723489153696e-06,0.5313350009671688,1.376073695162958e-06,0.5497552032390398
1.063778148599846e-06,0.595341331827144,2.096090153493746e-06,0.5412349134025047,1.376179576943337e-06,0.5468049079847068
1.064127168299306e-06,0.6381487966201538,2.096243991678454e-06,0.5312296843084129,1.38407350872314e-06,0.5497134016261859
1.064169552042771e-06,0.6266185543471443,2.096663623700516e-06,0.5005186337260518,1.384184524228747e-06,0.5468059778538522
1.064232809184672e-06,0.62475951131177,2.096749818805712e-06,0.5079667812943774,1.392073814620843e-06,0.5497694410927599
1.064512064645231e-06,0.6253215651609046,2.097331786887041e-06,0.507789445200166,1.392176158034072e-06,0.5468213561462399
1.069264050404788e-06,0.5862399570881834,2.101721461760057e-06,0.5313506366055731,1.400073733405265e-06,0.5497494379682679
1.071589450216719e-06,0.5710850725579972,2.104090590698017e-06,0.5406320191209562,1.40017913970252e-06,0.5468222823864539
1.072107466488819e-06,0.6343583126789609,2.104619222978621e-06,0.5029636826432655,1.408073662956741e-06,0.5497320536234822
1.07212943091588e-06,0.6359962442601784,2.104707658824296e-06,0.509731971729718,1.408180670429107e-06,0.5468253942167849
1.072171493426503e-06,0.6254200647981983,2.105439342109779e-06,0.5101371654661487,1.416073748866794e-06,0.5497458423600056
1.072234029194411e-06,0.6240686885544923,2.10982595842894e-06,0.5317439429462891,1.41617892350863e-06,0.5468317501740725
1.072564505020224e-06,0.6240991488493641,2.112090524164171e-06,0.5400074748581611,1.424073763620189e-06,0.5497458391463368
1.077340927922945e-06,0.5866547242450592,2.112573207046493e-06,0.5062243725001884,1.424178807247707e-06,0.5468356405899223
1.079623672252965e-06,0.5723995299048399,2.11259596716799e-06,0.5059364155205978,1.432073722794919e-06,0.5497357264273067
1.080111559117375e-06,0.6324719951481532,2.112667094851407e-06,0.5114221592682919,1.432179186103651e-06,0.5468380937634952
1.080130799946929e-06,0.6331604674979959,2.113476425561739e-06,0.511964291071163,1.440073780021601e-06,0.5497446540889211
1.080174130656532e-06,0.6232784635736859,2.117981160684024e-06,0.5322148089802404,1.440178642000364e-06,0.5468411558705516
1.080234735484303e-06,0.6223822748695337,2.120090574877541e-06,0.5394409819162791,1.44807372465772e-06,0.5497318045144595
1.08061314965541e-06,0.6220560861465697,2.120539351137661e-06,0.5074706069158308,1.448179681860735e-06,0.5468426778368907
1.085454787370685e-06,0.5862811018661652,2.12063274564809e-06,0.5128174293259995,1.456073826227001e-06,0.5497500051069474
1.087657259395374e-06,0.5732139727169868,2.121650003671056e-06,0.5142468612838207,1.456177721942793e-06,0.5468466303858623
1.088113456346723e-06,0.6297415352769649,2.126219558179064e-06,0.5328112876150264,1.464073773030424e-06,0.5497383625049662
1.088132840304552e-06,0.6297132597181981,2.128090211290605e-06,0.5388438198638723,1.46417853269329e-06,0.5468470626208243
1.088177520152146e-06,0.6206577385641758,2.128315294199733e-06,0.5238345854886269,1.472073726333134e-06,0.5497279731393346
1.08823620709795e-06,0.6202495015702023,2.12852067071608e-06,0.509184942150248,1.472179586024032e-06,0.5468477627695044
1.088701862838193e-06,0.619323595588204,2.128595599956028e-06,0.5143083686922566,1.480073697982508e-06,0.549721162204494
1.093586518053788e-06,0.5855468124742679,2.1296123965e-06,0.5153844649516592,1.480180566604196e-06,0.5468484762674301
1.095689219697253e-06,0.5737433819440709,2.134403656716048e-06,0.5331345830925163,1.488073677895523e-06,0.5497165818842692
1.096108718140462e-06,0.6254622672402866,2.13609058287182e-06,0.5383864194877894,1.488181463550841e-06,0.5468490498937665
1.096131062227191e-06,0.6271614588716724,2.136471492901532e-06,0.51111929853921,1.496073660377302e-06,0.5497121858514015
1.096177338640907e-06,0.618169499704355,2.136533737934068e-06,0.5150425730244602,1.496182229135278e-06,0.5468500001458857
1.096244546572183e-06,0.6178652891354738,2.13812974464525e-06,0.5188016629195097,1.504073966913977e-06,0.5497702024709069
1.096798166166334e-06,0.6164318892912667,2.143148526742702e-06,0.5345841667930187,1.504145243222841e-06,0.5477098067012808
1.10173504968824e-06,0.5846365756466767,2.14409045708411e-06,0.5378958765835363,1.512073803707802e-06,0.5497389065538301
1.103719432595457e-06,0.5740826954201902,2.144437653829216e-06,0.5134545995490425,1.512178339509947e-06,0.5468554759402851
1.104115299062966e-06,0.6236551255902706,2.14446454017201e-06,0.5130840220232704,1.520073966989468e-06,0.5497692299595427
1.104135473919054e-06,0.623080886389914,2.144537052246277e-06,0.5166405123588719,1.520145198104227e-06,0.5477110578954488
1.104184628596706e-06,0.6151901740074361,2.145885623910968e-06,0.5187617840433228,1.528073963776312e-06,0.5497682057058717
1.10425630814156e-06,0.6158738976350425,2.151100944217675e-06,0.5341902145798418,1.528145382041641e-06,0.5477099522301614
1.107410773799822e-06,0.5969678810746332,2.152090172708591e-06,0.5374067964051968,1.536073864704245e-06,0.5497492205219831
1.111747369370606e-06,0.5743457529861269,2.152277777225567e-06,0.5249457658532926,1.536176576099508e-06,0.5468592585707244
1.112115301339927e-06,0.6205878257286115,2.152430956438712e-06,0.5139524405659376,1.544073831300247e-06,0.5497426845341825
1.112136375284121e-06,0.620081460721482,2.15250940262926e-06,0.5177305483523514,1.544176561177185e-06,0.5468592171162762
1.112188075756012e-06,0.6126419728776742,2.154000132955461e-06,0.5201240717348928,1.552073939810914e-06,0.5497625431532989
1.11261617787963e-06,0.6130758797486339,2.159506361723402e-06,0.5346192119415394,1.552174574799207e-06,0.546861866987765
1.118034105910973e-06,0.5828975381152458,2.160090522853054e-06,0.5370471540994084,1.560073943216941e-06,0.5497632209193253
1.119772992465464e-06,0.5745836526711976,2.160382262120531e-06,0.5164618486093479,1.56014609112078e-06,0.5477006615708513
1.120107453367306e-06,0.616036999952921,2.16041076298742e-06,0.5158559809538611,1.568073872255839e-06,0.5497494077884408
1.120131763808899e-06,0.6184572397527275,2.160487727790731e-06,0.5187138502479958,1.568176556164385e-06,0.5468606457873662
1.120186648231945e-06,0.610480506536096,2.162175576111079e-06,0.5215689723322307,1.57607395889274e-06,0.54976580520635
1.120658574425833e-06,0.6107497031871127,2.168034352794042e-06,0.5350863652354021,1.576145616785962e-06,0.5477085004900694
1.126200694263654e-06,0.5820978731850146,2.168117029437826e-06,0.5360906295624016,1.58407391786729e-06,0.5497579470505756
1.12779691340558e-06,0.5747910672127747,2.168380585061787e-06,0.516609252668113,1.584175855680693e-06,0.5468613270954819
1.128111694986115e-06,0.6142776585282486,2.168463903800066e-06,0.5196506440316119,1.59207376079359e-06,0.549727771560011
1.128134056290381e-06,0.6155614881338753,2.170358210335513e-06,0.5228743762151949,1.592179170834591e-06,0.5468579790539041
1.128190911774277e-06,0.6082282682699279,2.176090221050907e-06,0.5362845900104775,1.600073902801245e-06,0.5497547808987794
1.128613950480455e-06,0.6090164150810875,2.176297349029136e-06,0.522430039713906,1.600175799944118e-06,0.546861473359454
1.134368480888242e-06,0.5813960096523803,2.176357249648951e-06,0.5177351942542777,1.608073917970134e-06,0.5497577156058084
1.135818949786529e-06,0.5749946739657859,2.176443705921907e-06,0.5204874928473316,1.608175855377563e-06,0.5468610694416635
1.136114116552991e-06,0.6123745627404683,2.17869568698533e-06,0.5244536958700994,1.616073916184706e-06,0.5497571536785739
1.136136993450298e-06,0.6127562174630585,2.184090547613772e-06,0.5360201093937246,1.616175817184335e-06,0.5468611652164963
1.136196853442203e-06,0.606134178392338,2.184314418340508e-06,0.5198825054110707,1.624073925337345e-06,0.5497585672686355
1.136568058622499e-06,0.6074108296509552,2.184352686036648e-06,0.5198790405136638,1.624175169393458e-06,0.5468621997095822
1.142549884617486e-06,0.5807647102568559,2.184437541170278e-06,0.5209343885370407,1.632073929910193e-06,0.5497595724119819
1.143839163399247e-06,0.5752179911017791,2.192090563260564e-06,0.5357253806141776,1.632175169776993e-06,0.5468622807685311
1.144114859868723e-06,0.6103204799435963,2.192293863296285e-06,0.5210402331474785,1.640073927914327e-06,0.5497590690409651
1.144138765012682e-06,0.610389371210333,2.192332332864083e-06,0.5207708669042275,1.640175167283724e-06,0.5468623730273025
1.144203251227165e-06,0.6042238881103679,2.192423648312e-06,0.5215953495440402,1.648073922648255e-06,0.5497580088619479
1.144527441745301e-06,0.6058923422465536,2.20009043834931e-06,0.5354427090492294,1.648175165568612e-06,0.5468624312708413
1.150747224080513e-06,0.5801829534936201,2.200271727911013e-06,0.5227168901572787,1.656073926978614e-06,0.5497587774078501
1.151857828898625e-06,0.5754465698483082,2.200302609772962e-06,0.5210598551048761,1.65617515994569e-06,0.5468623948953112
1.152114372970318e-06,0.6081740086719374,2.200398368016316e-06,0.5224416493281713,1.664073888590355e-06,0.5497514114619444
1.152138214013158e-06,0.6086653940288307,2.20809054339899e-06,0.5352277158755353,1.664175808014794e-06,0.5468617615996934
1.15220522287515e-06,0.6026074719219781,2.208256434219367e-06,0.5232629442333526,1.672073890160247e-06,0.5497516464450759
1.152527069792995e-06,0.6043431177811595,2.208293196227507e-06,0.522281888454002,1.672175801606399e-06,0.5468617869002788
1.158938471067071e-06,0.5797268174309121,2.208411168366449e-06,0.5228184601641456,1.680073885750894e-06,0.5497507407377697
1.15987507323103e-06,0.5756826178827026,2.21609043711197e-06,0.5349971123661766,1.680175797068569e-06,0.5468618173780108
1.160113799700725e-06,0.6061833334047613,2.216238485470217e-06,0.5245043024261858,1.688073890370312e-06,0.5497515605313172
1.16013864793307e-06,0.6069041749010827,2.216271648193195e-06,0.5228078488729886,1.688175851816335e-06,0.54686184899454
1.160209729934348e-06,0.6010561486864692,2.216393262786835e-06,0.5234785203893352,1.696073910023315e-06,0.5497551169693043
1.160502038079128e-06,0.6030134738441495,2.22409047134984e-06,0.53480475884915,1.696175783501978e-06,0.5468619552321407
1.167128656691176e-06,0.5793662288429035,2.224223150026838e-06,0.5254116358667579,1.704073908935404e-06,0.5497548762421254
1.167891042961595e-06,0.5759237334555982,2.224256739976274e-06,0.5235252953296265,1.704175784074058e-06,0.5468619784218525
1.16811431383065e-06,0.6045852739932326,2.224459559307205e-06,0.5240080764487567,1.712073908119627e-06,0.5497546919755508
1.168138944617906e-06,0.6053232763903313,2.23209054726482e-06,0.5346387348181771,1.712175785486674e-06,0.5468619889341544
1.168213279218336e-06,0.5996626018990772,2.232209605744092e-06,0.5261180907499707,1.720073907535572e-06,0.5497545555926729
1.168488660824558e-06,0.6017336727976602,2.232245148566582e-06,0.5242802372737633,1.72017578662343e-06,0.5468619921186487
1.175340081209743e-06,0.5790238651353868,2.240090571473673e-06,0.5344905205666474,1.728073906977932e-06,0.5497544244400148
1.17590683164427e-06,0.5760892279730604,2.240196832084033e-06,0.5268584858598024,1.728175787430278e-06,0.5468619959949914
1.176134368522028e-06,0.6045370899788584,2.240232306176882e-06,0.5248859233558313,1.736073882597151e-06,0.5497498918346583
1.176209308516935e-06,0.5985605479399483,2.248090481163025e-06,0.5343413047378694,1.736175781933801e-06,0.5468620041593448
1.176543696750951e-06,0.6003602025278755,2.248183999890839e-06,0.5277647815365079,1.744073929943003e-06,0.549758688149251
1.183537900967216e-06,0.57878098722605,2.248218775816222e-06,0.5253940045927273,1.744175137121839e-06,0.5468626954632592
1.183921476579906e-06,0.5762688839595794,2.256090368636161e-06,0.5342038968672047,1.752073893215247e-06,0.5497517120743302
1.184134483434434e-06,0.6031738116848785,2.256172587204806e-06,0.5285301083200907,1.752175781675875e-06,0.5468621425795943
1.184214640351901e-06,0.5973238819913598,2.256206974475044e-06,0.5258941942124031,1.760073886372831e-06,0.5497504279184019
1.184503475226619e-06,0.5993499547888856,2.264090317684676e-06,0.5340901288281126,1.760175779288508e-06,0.5468621312375369
1.191766820539532e-06,0.578535832958313,2.264162632550974e-06,0.5291782962458416,1.768073882423735e-06,0.5497496687266621
1.191954385641372e-06,0.5779211773764409,2.264197722855884e-06,0.526391820225923,1.76817577938456e-06,0.5468621095516651
1.192134581401063e-06,0.6019071927154839,2.272090560515736e-06,0.5340339895011234,1.77607390089361e-06,0.5497531320396309
1.192217855319209e-06,0.5962503500833358,2.272155927911321e-06,0.5293741159499683,1.776175789180245e-06,0.5468621560506798
1.192492570286525e-06,0.5983334624171165,2.272192091286512e-06,0.5268851895724347,1.784073906352623e-06,0.5497541598600975
1.199944265408043e-06,0.5768613756401326,2.28009050222767e-06,0.5339416911327892,1.78417515003806e-06,0.5468629044790512
1.200113793400807e-06,0.5988271242395972,2.280148083992767e-06,0.5298966701005935,1.792073905567046e-06,0.5497540227649105
1.200140652519468e-06,0.60003024049571,2.280184184159318e-06,0.5272816857695014,1.792175149112068e-06,0.5468629883208801
1.200225195958223e-06,0.5954748636716046,2.288090211561288e-06,0.5338248977366071,1.800073906048101e-06,0.5497541467783561
1.200583560545768e-06,0.5971339090142893,2.28814032163852e-06,0.5305291228030078,1.800175149561987e-06,0.5468629939383415
1.207955534506417e-06,0.5770579339099465,2.288175360868686e-06,0.5276247852917784,1.808073906076249e-06,0.5497541650047024
1.20811635290014e-06,0.5982306031752698,2.29609043917013e-06,0.5337931141113371,1.808175149766501e-06,0.5468629787400673
1.208143943464701e-06,0.5985585043766329,2.296135680133114e-06,0.5306512618998815,1.816073894580848e-06,0.5497520160507989
1.208228697616418e-06,0.5949365885522052,2.296173358680181e-06,0.5279960189799126,1.816175783108947e-06,0.5468621864556842
1.208999793559902e-06,0.5952322715765294,2.30409051796691e-06,0.533749038857022,1.824073883684376e-06,0.5497499032144
1.215965660374058e-06,0.5772701971272606,2.304130781670855e-06,0.530925421807998,1.824175779349802e-06,0.5468621083479854
1.216113143776844e-06,0.5964040849301891,2.304169632789261e-06,0.5283027684795882,1.832073898135955e-06,0.5497525970797461
1.216140292194049e-06,0.5980250879065269,2.312090491202045e-06,0.5336936245142152,1.832175789064846e-06,0.5468621161932825
1.216226267601355e-06,0.5938337552338815,2.312126488603812e-06,0.5311670232305178,1.840073902633252e-06,0.5497533581605627
1.216749566392976e-06,0.5950065257756503,2.312166826037226e-06,0.5285737026330972,1.840175776171685e-06,0.5468622902086862
1.223975263037433e-06,0.5774594336809412,2.320090136717399e-06,0.5335904754000039,1.848073902719509e-06,0.5497534238033981
1.22411320817685e-06,0.5954054200065687,2.320122634931402e-06,0.5313934236732549,1.84817577632731e-06,0.5468623306903879
1.224141091439122e-06,0.5970022129253555,2.320164636612222e-06,0.5288098905930482,1.856073904538231e-06,0.5497538030957698
1.22422793013388e-06,0.5932259553541336,2.328090233087638e-06,0.5335531124938633,1.856175148186025e-06,0.5468630185396276
1.225115861966638e-06,0.5934265725925842,2.328119814192824e-06,0.5314427082114574,1.864073905328365e-06,0.5497539930305637
1.231984120788319e-06,0.5776382681402755,2.328168157138949e-06,0.5290253185766342,1.864175148868894e-06,0.5468630192679778
1.232112117815299e-06,0.5942011579886302,2.336090337544552e-06,0.5335169149510799,1.872073905976941e-06,0.5497541311035887
1.232139480923593e-06,0.5963147635563952,2.336117321037741e-06,0.5314810867743601,1.872175149472165e-06,0.5468629987502471
1.232227662274398e-06,0.5924610316369123,2.336174745981196e-06,0.529262505888397,1.880073906099844e-06,0.5497541624835329
1.233211516361979e-06,0.5925296237331931,2.344090228544669e-06,0.5334496474832569,1.880175149736983e-06,0.5468629779490022
1.239992385276628e-06,0.5778052029739967,2.344115787730333e-06,0.5313417758891699,1.888073906003137e-06,0.5497541470888653
1.240112895891406e-06,0.5934954134382691,2.344214709127336e-06,0.5294965746641613,1.888175149798211e-06,0.5468629643970893
1.240140549025071e-06,0.5954018716923065,2.352090416845171e-06,0.5334255752301506,1.89607390337115e-06,0.549753660037265
1.240228526138729e-06,0.5918656457032341,2.35211536640014e-06,0.531037811972646,1.896175786413974e-06,0.5468622048405081
1.241764794437361e-06,0.5906532588867395,2.354429207747761e-06,0.5302214879986121,1.904073895176753e-06,0.5497520735196217
1.248000258558962e-06,0.5779442129957673,2.360090831258625e-06,0.5334277380269067,1.904175783959666e-06,0.5468621394603512
1.248115242496164e-06,0.5932211313140684,2.360155027315564e-06,0.52961998049873,1.91207390618297e-06,0.5497541176331077
1.248143020461849e-06,0.5944055968225412,2.368090675682992e-06,0.5333458397964999,1.912175150053803e-06,0.5468628799089383
1.248230103844418e-06,0.5914280304389045,2.368157354856694e-06,0.5297292093696778,1.920073906201756e-06,0.5497541572892374
1.256004168384687e-06,0.5783794678537306,2.376091416458338e-06,0.5333620271567499,1.920175150058135e-06,0.5468629150491257
1.256057451477928e-06,0.5834418666914839,2.376155605819677e-06,0.5298268515136839,1.928073906306965e-06,0.5497541811829941
1.256136677090387e-06,0.5943199154680898,2.384091968974264e-06,0.5333242063534557,1.928175150049003e-06,0.5468629279992284
1.256227751979845e-06,0.5905557914821659,2.384155518591344e-06,0.5299148517968324,1.936073905272786e-06,0.549753955352018
1.257990219576259e-06,0.589218339996437,2.392104871364215e-06,0.5318145354917587,1.93617514881287e-06,0.5468629957924837
1.264013497745721e-06,0.5782776468305361,2.392364928566384e-06,0.5300810128690665,1.944073905843026e-06,0.5497540959103894
1.264112163744379e-06,0.5910398260594117,2.4001048766931e-06,0.5316211696896949,1.944175149324134e-06,0.5468629991173369
1.264140447426284e-06,0.5933511320715311,2.40173316320707e-06,0.5304195986167555,1.952073906103569e-06,0.5497541584611776
1.264229431212152e-06,0.5902147406267517,2.408104896445457e-06,0.5314717909674598,1.952175149669494e-06,0.546862983747575
1.272019493741594e-06,0.5784280120179344,2.416105762004513e-06,0.5312664061438409,1.960073906043501e-06,0.5497541534896523
1.272111220225804e-06,0.590167058151984,2.42410645927903e-06,0.531144351199636,1.960175149785873e-06,0.5468629679445398
1.272139552119553e-06,0.5928356122817477,2.43210888354679e-06,0.5309711653160296,1.968073904591538e-06,0.5497538895124195
1.272229597971727e-06,0.5897230666339955,2.440113593857604e-06,0.530807492995107,1.968175779555341e-06,0.5468622079111922
1.280025386007304e-06,0.5785396481644373,2.448120633028263e-06,0.530662967397258,1.976073896610836e-06,0.5497523399580228
1.280113679308711e-06,0.5901486147424396,2.456129843687513e-06,0.5305332138659899,1.976175786211574e-06,0.5468621434891273
1.28014303025921e-06,0.5919663946391149,2.46414313444626e-06,0.5304159022696767,1.984073906271868e-06,0.5497541332202625
1.280231032234231e-06,0.589437058709576,4e-06,0.5313585928978984,1.984175150050032e-06,0.5468628853207231
1.288030250150958e-06,0.5786996339332274,  ,  ,1.992073877195113e-06,0.5497487129726734
1.288112120119516e-06,0.5892213027884674,  ,  ,1.992175774157467e-06,0.5468623237102858
1.28814075426281e-06,0.591665503109406,  ,  ,2.000073902554298e-06,0.5497534029520326
1.288230071166111e-06,0.5888839385900689,  ,  ,2.000175776158279e-06,0.5468623514344582
1.296035310198379e-06,0.5788151341661675,  ,  ,2.008073297542095e-06,0.5496955468256252
1.296113181116637e-06,0.5889597177960756,  ,  ,2.008161118967775e-06,0.5477208539683289
1.296141240295361e-06,0.5911476219110097,  ,  ,2.008471658243235e-06,0.5313701613110957
1.296230419519085e-06,0.5885160016638028,  ,  ,2.008540599626695e-06,0.5319102090782972
1.30404e-06,0.5789201539750992,  ,  ,2.009725527910014e-06,0.5319265347566783
1.304113995387895e-06,0.5886715423704743,  ,  ,2.015237638939598e-06,0.5427763034222228
1.304142991891495e-06,0.5905512975328177,  ,  ,2.016073567641737e-06,0.5450723986083751
1.304232332517897e-06,0.5883538888528793,  ,  ,2.016175032199274e-06,0.5425481198909053
1.312043882174098e-06,0.5790564905411331,  ,  ,2.016814114049813e-06,0.5100957897078643
1.31211233410122e-06,0.587818519726656,  ,  ,2.016846016749986e-06,0.5111203527200261
1.312141682530992e-06,0.590255645184096,  ,  ,2.016879735911674e-06,0.5121272317697926
1.312231367384234e-06,0.5878963964554144,  ,  ,2.017121408097902e-06,0.5102052233776078
1.320047402672168e-06,0.5792023637313298,  ,  ,2.021534388086585e-06,0.5310092282169999
1.320110471470994e-06,0.5869504044752858,  ,  ,2.02407331716595e-06,0.5385754963394999
1.320140172014656e-06,0.5899970396956234,  ,  ,2.024155391556926e-06,0.5371184742319139
1.320230724348449e-06,0.5874928869735839,  ,  ,2.025047737087364e-06,0.4924824179876148
1.328051472457734e-06,0.5792786639495142,  ,  ,2.025079418881189e-06,0.4936454933799819
1.328113042473767e-06,0.5871782127001612,  ,  ,2.025112340804938e-06,0.4948872631587236
1.328142613152179e-06,0.5894421500877082,  ,  ,2.025230979065944e-06,0.4927160642753146
1.328232633705023e-06,0.5873923233401402,  ,  ,2.029102122720421e-06,0.5198002544351472
1.336054972421435e-06,0.5793706620368284,  ,  ,2.032073453429002e-06,0.5321931840551041
1.336113206970096e-06,0.5868499431549323,  ,  ,2.032160654200469e-06,0.5306342480320803
1.336141963518682e-06,0.5891659527140967,  ,  ,2.033191573907673e-06,0.4796441869822252
1.336231896481047e-06,0.5870465198315714,  ,  ,2.033218492062838e-06,0.4800456438445628
1.34405836477376e-06,0.5794521655081781,  ,  ,2.033256298801878e-06,0.4818124488673601
1.344114123260211e-06,0.5867346559699088,  ,  ,2.033348261807372e-06,0.4795103337330843
1.344144138963075e-06,0.5886823145890766,  ,  ,2.036883150082705e-06,0.5103030383424365
1.344233547183653e-06,0.5869281048358257,  ,  ,2.040073523526237e-06,0.5264484228821995
1.352060728364433e-06,0.5795980254415021,  ,  ,2.040159550612065e-06,0.5250468703430458
1.352111916886251e-06,0.5858766620649153,  ,  ,2.041270462667011e-06,0.4704125972375579
1.352141010690846e-06,0.5886424306546545,  ,  ,2.041298503222257e-06,0.4708608540749114
1.352232199959501e-06,0.5865878221138733,  ,  ,2.041334936745722e-06,0.4724165665970045
1.360064024218997e-06,0.579645376077936,  ,  ,2.041415317671301e-06,0.4700298788862271
1.360113660540615e-06,0.5860091434401532,  ,  ,2.044771696102532e-06,0.5028955706993752
1.360142946573956e-06,0.5882243989709458,  ,  ,2.047916969380206e-06,0.5194421003562931
1.360233682435046e-06,0.5864711422159987,  ,  ,2.048074350815115e-06,0.5216292425091464
1.368066347894836e-06,0.5797521162437405,  ,  ,2.048208507908592e-06,0.5180716507143774
1.368113722631801e-06,0.5857450700445845,  ,  ,2.049301645165161e-06,0.4641406637439714
1.368143084163194e-06,0.5879605212847261,  ,  ,2.049329618544168e-06,0.4644342175725116
1.368233684169611e-06,0.5862577651641623,  ,  ,2.049366067196388e-06,0.4659693738496792
1.376067970793511e-06,0.5798995173240246,  ,  ,2.049437480816832e-06,0.4634488143464011
1.376111910986252e-06,0.58503252839456,  ,  ,2.052724441283756e-06,0.4974316105311608
1.376140945176283e-06,0.5878857129647636,  ,  ,2.055753118137878e-06,0.5145082046036965
1.376232175773931e-06,0.5859588760290393,  ,  ,2.056073921959692e-06,0.517238827944114
1.384070443249112e-06,0.5799595309183248,  ,  ,2.056171357885318e-06,0.5154325035673911
1.384112055750738e-06,0.5848191990667894,  ,  ,2.057298673857585e-06,0.4599832713801154
1.384141781788199e-06,0.5876022661027883,  ,  ,2.057327598041568e-06,0.4603387016314838
1.384233330482163e-06,0.5858576692725912,  ,  ,2.057363072485916e-06,0.4616384833797413
1.392072526127312e-06,0.5800390568296324,  ,  ,2.057433458806851e-06,0.4591239151938972
1.392112489943069e-06,0.5846930929359555,  ,  ,2.059216798912068e-06,0.4791183147819109
1.392142128826501e-06,0.587365829839722,  ,  ,2.061578402229391e-06,0.4997305771522829
1.392233882473428e-06,0.5857073607395469,  ,  ,2.064073523414889e-06,0.5134578718965973
1.400074736905527e-06,0.5800913744930573,  ,  ,2.064153705951798e-06,0.512511546596047
1.400113295663813e-06,0.5846717241124221,  ,  ,2.065270397881238e-06,0.4575761712595067
1.400143109689362e-06,0.5870921655196544,  ,  ,2.0652989960721e-06,0.45782088602839
1.400235376451452e-06,0.5855690872593358,  ,  ,2.065334847738391e-06,0.4590873127814098
1.408076408537829e-06,0.5801767393344303,  ,  ,2.065404931875927e-06,0.4565296940339024
1.408113548808903e-06,0.5845267471200439,  ,  ,2.067072771681341e-06,0.4748917091840242
1.408143557491193e-06,0.5868718721262066,  ,  ,2.069392187583718e-06,0.4955950312226713
1.408240954472857e-06,0.5853460929029702,  ,  ,2.072073686028364e-06,0.5103034794261445
1.416078059049365e-06,0.5802511515202591,  ,  ,2.072155442829184e-06,0.5092905503064938
1.416114085030663e-06,0.5844648005247863,  ,  ,2.073223847737782e-06,0.456514248645128
1.416144118607004e-06,0.586652673010077,  ,  ,2.073252896108077e-06,0.456726419885582
1.416242013516468e-06,0.5851976518463432,  ,  ,2.073288224249066e-06,0.457966657185875
1.424079931423279e-06,0.5802909663977674,  ,  ,2.07334878394697e-06,0.455268534814659
1.424114984808935e-06,0.5845053031798942,  ,  ,2.074849917450476e-06,0.4709372490406847
1.424144107668538e-06,0.5864865641784925,  ,  ,2.077130581256266e-06,0.4916744419295878
1.424242136512296e-06,0.5850558112411478,  ,  ,2.080073719971464e-06,0.5075784134445347
1.432081332516764e-06,0.5803597442949744,  ,  ,2.080154887066013e-06,0.5066222037711552
1.432114813919419e-06,0.5842909450254634,  ,  ,2.081164128835065e-06,0.4565799376842685
1.432144590524689e-06,0.586295913945446,  ,  ,2.081191359807409e-06,0.4564915827037647
1.432243209102086e-06,0.5849356297615321,  ,  ,2.081228872954587e-06,0.4578286737054899
1.44008277523886e-06,0.5804164911691037,  ,  ,2.081296316057331e-06,0.4551568520320146
1.440115333250184e-06,0.5842597062493452,  ,  ,2.082820284969746e-06,0.470254345214373
1.440145845636083e-06,0.5860567841963811,  ,  ,2.085173141865064e-06,0.4904266423936881
1.440244457449914e-06,0.5848318633066959,  ,  ,2.088073848632137e-06,0.5052694211412382
1.44808492373379e-06,0.58039893713395,  ,  ,2.088158119163162e-06,0.5041667544705351
1.448117982443912e-06,0.584748374880635,  ,  ,2.089095920990223e-06,0.4573524171671338
1.448152772350699e-06,0.5854107683524435,  ,  ,2.089125058346944e-06,0.4574734430512416
1.448254117578579e-06,0.5848900768912546,  ,  ,2.089160419136473e-06,0.4586080147661257
1.456085621949865e-06,0.5805004428191977,  ,  ,2.089225886270964e-06,0.4558740569287623
1.456117402776661e-06,0.5844712890847944,  ,  ,2.090716157021164e-06,0.4694964148585158
1.456150585443876e-06,0.5854402529815287,  ,  ,2.093132101133493e-06,0.4891185031258037
1.456250729328266e-06,0.5847266103364404,  ,  ,2.096073578498474e-06,0.50321795139629
1.4640868280157e-06,0.5805477438390676,  ,  ,2.096149286329906e-06,0.5025459490167072
1.464118026204362e-06,0.5844845362776353,  ,  ,2.097021489608426e-06,0.4589719921779334
1.464152713324507e-06,0.5851682405572668,  ,  ,2.097047856063393e-06,0.4586568163310663
1.464255990527051e-06,0.5846887300379306,  ,  ,2.097086490253386e-06,0.4599942335085258
1.472087955830866e-06,0.5805919951133769,  ,  ,2.097156315693604e-06,0.4572681905551067
1.472119321054014e-06,0.5846536730625548,  ,  ,2.09866012771899e-06,0.469878099916176
1.47216022125313e-06,0.5845780190815173,  ,  ,2.101186212262209e-06,0.4887396049818633
1.480088953352243e-06,0.5806394310502968,  ,  ,2.104073684073201e-06,0.5015462392752583
1.480120542541258e-06,0.5847995370908843,  ,  ,2.104150233753388e-06,0.500836775408999
1.480377274138281e-06,0.5844894357703804,  ,  ,2.10494448438432e-06,0.4609514714583575
1.488089942760759e-06,0.5806814257696358,  ,  ,2.104971864392638e-06,0.460711024004267
1.488123244057501e-06,0.5852010421714121,  ,  ,2.105009314957819e-06,0.4619451675690112
1.488252174045024e-06,0.584361028432089,  ,  ,2.105079758966078e-06,0.4591581290451853
1.496091652515393e-06,0.5806527356717371,  ,  ,2.106593139287392e-06,0.4705982974634804
1.496141446332588e-06,0.5855612533033148,  ,  ,2.109258516570947e-06,0.4887081428404946
1.496242829478252e-06,0.5841167566112805,  ,  ,2.112073596662273e-06,0.5001161585047162
1.504091827005023e-06,0.5807543138158199,  ,  ,2.112148672394887e-06,0.499485792795753
1.504141570552098e-06,0.585464329149469,  ,  ,2.112866533186207e-06,0.4632802106530013
1.504243210883732e-06,0.5840448228195946,  ,  ,2.112894987038525e-06,0.463119624466771
1.51209301422538e-06,0.5807571849144152,  ,  ,2.112931305635811e-06,0.4641686385114206
1.512141193373402e-06,0.5854038427251401,  ,  ,2.113004182235557e-06,0.4614005678262097
1.512243186546245e-06,0.5839742965963834,  ,  ,2.114562451159778e-06,0.4719434030987241
1.520093903385055e-06,0.5807829630721167,  ,  ,2.117395049467784e-06,0.4890930912725442
1.520141581095503e-06,0.5853020539905252,  ,  ,2.120073859740259e-06,0.4989874274749523
1.520243481693762e-06,0.5839123733431513,  ,  ,2.12015549406319e-06,0.4980176865876745
1.528095032754231e-06,0.5807863640559842,  ,  ,2.120789212564046e-06,0.465882622030197
1.528141637003029e-06,0.5852252200455235,  ,  ,2.120818806112475e-06,0.4657419449328687
1.528244016779321e-06,0.5838572269203286,  ,  ,2.120854380184224e-06,0.4664548717815089
1.536095330284277e-06,0.5808528171919819,  ,  ,2.120939934172156e-06,0.4638649141589387
1.536142796984042e-06,0.5850805077729229,  ,  ,2.122636291053796e-06,0.4742546862116632
1.536244804716004e-06,0.5838115393805163,  ,  ,2.12573685355326e-06,0.4902421430538135
1.544095749755569e-06,0.5809059817421502,  ,  ,2.128073779861334e-06,0.4979779295816545
1.544141893307451e-06,0.5850755305586992,  ,  ,2.128151676952611e-06,0.4971885429959318
1.544244297195327e-06,0.5837471042928002,  ,  ,2.128713908132245e-06,0.4686232029891418
1.5520970545973e-06,0.5808847732150531,  ,  ,2.128744564094616e-06,0.4684599053879722
1.552141829998691e-06,0.5850200754015779,  ,  ,2.128779058522947e-06,0.4690183100666459
1.55224446608907e-06,0.5836993382605122,  ,  ,2.128868399616733e-06,0.4664328766991251
1.560097850300574e-06,0.5809033313745896,  ,  ,2.130719178379463e-06,0.4765055289103292
1.560142203315189e-06,0.5849403531195645,  ,  ,2.134130374512509e-06,0.4913144240368744
1.560245431352832e-06,0.5836688822971714,  ,  ,2.136073857575686e-06,0.4971860358123941
1.568098083141012e-06,0.5809604180151879,  ,  ,2.136153532377286e-06,0.4963086349715556
1.56814236351992e-06,0.584874363588852,  ,  ,2.136641660919404e-06,0.4713767183356532
1.568245455786697e-06,0.5836210480189856,  ,  ,2.136675709467893e-06,0.4713431691980249
1.576098806445014e-06,0.5809790568487507,  ,  ,2.136706831915385e-06,0.4715238283379201
1.576142355923184e-06,0.5848228981639926,  ,  ,2.136806914723055e-06,0.4690202207245845
1.576245285735067e-06,0.5835705196638358,  ,  ,2.139161302327817e-06,0.4805045103514943
1.584099928941185e-06,0.5809762164043142,  ,  ,2.143155491125805e-06,0.4934488479179129
1.58414210151442e-06,0.5847892943702719,  ,  ,2.144073737640955e-06,0.4965170964619855
1.584245454257633e-06,0.5835305122683122,  ,  ,2.144151615007003e-06,0.4957328824512864
1.592100699096401e-06,0.5809972118551365,  ,  ,2.144573352742836e-06,0.474023468398004
1.592143238640137e-06,0.5846689875634291,  ,  ,2.144616391376508e-06,0.4744746350594061
1.592246493136705e-06,0.5835097405488264,  ,  ,2.144639211132828e-06,0.4735704309064528
1.600113812977225e-06,0.5823718259583492,  ,  ,2.144848607101478e-06,0.4715275054214301
1.600144409503754e-06,0.5845466903618411,  ,  ,2.149631448590441e-06,0.4899769610795292
1.600248200759882e-06,0.5835031784978022,  ,  ,2.152073729099882e-06,0.4959821361759248
1.608114851274519e-06,0.582565497264948,  ,  ,2.152148295718894e-06,0.4953375701189506
1.608145783640598e-06,0.5844115565549965,  ,  ,2.152508794829781e-06,0.4767019351319177
1.608249614168097e-06,0.5834908846199869,  ,  ,2.15255608064581e-06,0.4771786114510368
1.616115008418333e-06,0.582575598607613,  ,  ,2.152576547926007e-06,0.4755008809129906
1.616147900309184e-06,0.5842250430618136,  ,  ,2.153352469765495e-06,0.4751228723824531
1.616252653225503e-06,0.5835023318958813,  ,  ,2.15743616876413e-06,0.4897332496289673
1.624114760140484e-06,0.5825041006195957,  ,  ,2.160073899641049e-06,0.4956093357366453
1.624147731141249e-06,0.5842017851292849,  ,  ,2.160153805574494e-06,0.4947004974541332
1.624253887144087e-06,0.5834861040346444,  ,  ,2.160448541757731e-06,0.4793132973764356
1.632115326935278e-06,0.5826011151898173,  ,  ,2.16049605228032e-06,0.4794438333858443
1.632147090196911e-06,0.5842118068831629,  ,  ,2.16051913634543e-06,0.4774460299697122
1.632252627225688e-06,0.5834400396590977,  ,  ,2.161661238723764e-06,0.4784708367490733
1.640116240325499e-06,0.5827697677236815,  ,  ,2.165940325033566e-06,0.4909239301045495
1.640150680426586e-06,0.5839311331065947,  ,  ,2.168073669764255e-06,0.4952589034498456
1.64030868729048e-06,0.5833361493684541,  ,  ,2.168147081323215e-06,0.494658675900251
1.648116419163645e-06,0.5827885787465025,  ,  ,2.168393430551547e-06,0.4816208242547264
1.648151046415193e-06,0.5838766921763714,  ,  ,2.168458558490801e-06,0.4804790513633749
1.648320078022925e-06,0.5833127021364853,  ,  ,2.168719308740836e-06,0.4783785452376214
1.656116633765387e-06,0.5828157282765746,  ,  ,2.174567979434488e-06,0.4919649861147308
1.656151431273335e-06,0.5838221569444445,  ,  ,2.176073646237266e-06,0.495015557094328
1.656332695340074e-06,0.583296058283446,  ,  ,2.17614521974287e-06,0.4945105090757737
1.664116901477004e-06,0.5828533938735161,  ,  ,2.176343080211767e-06,0.4837466859124832
1.664153073356509e-06,0.5836879474009716,  ,  ,2.176408263309238e-06,0.4822023331490164
1.664443152617412e-06,0.5833365260946241,  ,  ,2.177073220850638e-06,0.4807166663659121
1.672116111914039e-06,0.5826847956753233,  ,  ,2.182597703484507e-06,0.4920824499506247
1.67215009228105e-06,0.5838601129684478,  ,  ,2.184073660195208e-06,0.4948705289006189
1.672304263806211e-06,0.5832327625292735,  ,  ,2.18414669128825e-06,0.494282522407326
1.680117199196449e-06,0.5828845180358359,  ,  ,2.184296985250785e-06,0.4857931167282603
1.680153853313763e-06,0.5835885027489498,  ,  ,2.184362116400896e-06,0.483928717928323
1.681125594336464e-06,0.5832590862582784,  ,  ,2.185307702625981e-06,0.4829688273995895
1.688117285240804e-06,0.5828881651760655,  ,  ,2.191172976767052e-06,0.492687016354531
1.68815405013282e-06,0.5835536629291929,  ,  ,2.192073763960686e-06,0.4947980206987208
1.696117028873297e-06,0.5828293299516739,  ,  ,2.192149414602782e-06,0.4940821808266762
1.696154270893223e-06,0.5835190813080687,  ,  ,2.19225594879114e-06,0.4875840395672158
1.704117921654486e-06,0.5829884067151866,  ,  ,2.192321185369394e-06,0.4853733288516662
1.70415753975007e-06,0.5833023436077823,  ,  ,2.193767847152165e-06,0.4855057694123042
1.712117522268618e-06,0.5829034685283198,  ,  ,2.200073544173195e-06,0.494719790692231
1.712156454358661e-06,0.5833466878290886,  ,  ,2.200143861249727e-06,0.4942684261900986
1.720118355986197e-06,0.5830503182615844,  ,  ,2.200219469896878e-06,0.4890670173498146
1.720160611646452e-06,0.5830974734830259,  ,  ,2.200284125673869e-06,0.4867702757447119
1.728117755252603e-06,0.5829298686542695,  ,  ,2.202306018106731e-06,0.4878195975540441
1.728158495257381e-06,0.5831959118904501,  ,  ,2.208073467434428e-06,0.4947300400824148
1.736118060126877e-06,0.582977447890805,  ,  ,2.208142933275573e-06,0.4943257183991442
1.736159932957815e-06,0.5831024609461987,  ,  ,2.20818806716353e-06,0.490172646383108
1.744118732637891e-06,0.5830939188217052,  ,  ,2.20825115416302e-06,0.4880879161213622
1.744166227877488e-06,0.5827860916699601,  ,  ,2.212219559915256e-06,0.4910672990890226
1.752118983662831e-06,0.5831322286352,  ,  ,2.216073587244734e-06,0.4948201700120924
1.752170726889968e-06,0.5825955181366436,  ,  ,2.216144342176594e-06,0.4942780063422564
1.760118983497451e-06,0.5831245785810611,  ,  ,2.216181108448649e-06,0.4905892990563947
1.760170767851278e-06,0.5825812542405231,  ,  ,2.216222762829874e-06,0.4891875021864164
1.768119155462119e-06,0.5831470295465405,  ,  ,2.224073624268619e-06,0.4949399288200356
1.768176206478297e-06,0.582393915587614,  ,  ,2.224127595415821e-06,0.494592184861977
1.776119264797199e-06,0.5831585340367044,  ,  ,2.22415920166961e-06,0.4916594290287393
1.784118941909427e-06,0.583095607170166,  ,  ,2.224198927239825e-06,0.4901791726043447
1.784171942345351e-06,0.5825034459707767,  ,  ,2.232073755366329e-06,0.4951264761100398
1.792119033671855e-06,0.5831057285033483,  ,  ,2.232110210095729e-06,0.4948870824722795
1.792175470559543e-06,0.5823800271755225,  ,  ,2.232153917020381e-06,0.4925867320109689
1.800119318784173e-06,0.5831501395017499,  ,  ,2.232273008530026e-06,0.4908764725441711
1.808119422521652e-06,0.5831633070281396,  ,  ,2.24007346041453e-06,0.4952699311887833
1.816119533963292e-06,0.583177753807785,  ,  ,2.240095928832547e-06,0.4950085061562712
1.82411962598429e-06,0.583187824701663,  ,  ,2.240164384547256e-06,0.4917253955564713
1.832119643083424e-06,0.583187246727763,  ,  ,2.248074891559055e-06,0.4955408326769216
1.840120223918766e-06,0.5832818367249861,  ,  ,2.248150620062783e-06,0.4925361726767555
1.848120258799029e-06,0.5832834790821552,  ,  ,2.256140588086494e-06,0.493542098378045
1.856120308485793e-06,0.583287933733221,  ,  ,2.264068938221784e-06,0.4930175241768012
1.864120369895561e-06,0.5832937656928661,  ,  ,2.264136793544239e-06,0.4943498373897007
1.872120428142572e-06,0.5832992637180754,  ,  ,2.27206441941187e-06,0.4932419247691935
1.880120499417103e-06,0.5833081576376787,  ,  ,2.272135966908776e-06,0.4947744287515349
1.884908506471574e-06,0.5829090938025047,  ,  ,2.280063494883144e-06,0.4934685928853105
1.888120107629217e-06,0.5832409492282224,  ,  ,2.280135773419892e-06,0.4950401723636198
1.89612011670954e-06,0.58323987268126,  ,  ,2.288064304185931e-06,0.4936018255379572
1.904120617686631e-06,0.5833203917698025,  ,  ,2.288136149323304e-06,0.495048454642835
1.905114801008406e-06,0.5829848582873859,  ,  ,2.29606585134977e-06,0.4937416521651676
1.912120203469487e-06,0.5832495355197349,  ,  ,2.296136394239821e-06,0.4950844455664798
1.920120576405587e-06,0.583309549392956,  ,  ,2.304068537740014e-06,0.4937814684668486
1.921317414185403e-06,0.5829795192691034,  ,  ,2.304136972625989e-06,0.4950201388384014
1.928120886445247e-06,0.5833572963961953,  ,  ,2.312071999344218e-06,0.4938215642103082
1.928586415083163e-06,0.582974275449005,  ,  ,2.312137223352809e-06,0.495112641112052
1.936120991612009e-06,0.5833709514581643,  ,  ,2.320100926516046e-06,0.4956156351680334
1.936518386247424e-06,0.5829743351409905,  ,  ,2.320140173123737e-06,0.4944721113606776
1.944120582744096e-06,0.5833031663036377,  ,  ,2.328122443472936e-06,0.4959551156000345
1.945176163600778e-06,0.5829651763029158,  ,  ,2.328189160364524e-06,0.4947116816487764
1.952120938501973e-06,0.5833580824199418,  ,  ,2.336140353962604e-06,0.494769055196465
1.952541288345131e-06,0.5829710263234994,  ,  ,2.344141407299976e-06,0.4947128766489569
1.960120918381402e-06,0.5833532867007138,  ,  ,2.35214226247787e-06,0.4947462815137953
1.96054634879566e-06,0.5829669789599387,  ,  ,2.360142860517427e-06,0.4948855809648351
1.968121040676831e-06,0.5833701042890025,  ,  ,2.368143004045967e-06,0.4951976643174905
1.968490792482519e-06,0.5829556354980027,  ,  ,2.376143291751767e-06,0.4954203918057931
1.976120795996248e-06,0.583330380375644,  ,  ,2.376263607396167e-06,0.4944767870005297
1.976624238828118e-06,0.5829597785014642,  ,  ,2.384087951450401e-06,0.4955693178232995
1.984120940951917e-06,0.5833501472250036,  ,  ,2.384147431992758e-06,0.494372254200614
1.984527087397591e-06,0.5829565864688413,  ,  ,2.392075196138063e-06,0.4970996846360514
1.992120989243948e-06,0.5833565108983962,  ,  ,2.392150235710824e-06,0.4941045203735402
1.992508760044847e-06,0.5829516134701132,  ,  ,2.40007459834286e-06,0.4970969023761034
2.000120959953945e-06,0.5833514262612878,  ,  ,2.400151329766301e-06,0.4940633248311038
2.00051481703195e-06,0.5829509912124488,  ,  ,2.408074561008837e-06,0.4971429999743144
2.008116139569369e-06,0.5843842916553607,  ,  ,2.408151996240459e-06,0.494058372134155
2.008147755141104e-06,0.5807340133552129,  ,  ,2.416074197278399e-06,0.4971205247340644
2.00835007879132e-06,0.5480404285324549,  ,  ,2.416152849899225e-06,0.4940297998388782
2.008449622504478e-06,0.5586627714371852,  ,  ,2.424074108529251e-06,0.4971331236474886
2.016116001568801e-06,0.5720131695807281,  ,  ,2.424153530346505e-06,0.4940131472496851
2.016146467898216e-06,0.5687428526665524,  ,  ,2.432074091110531e-06,0.4971507813725994
2.016315593909121e-06,0.5416134172143496,  ,  ,2.432154117261953e-06,0.4939989204722402
2.016575978385797e-06,0.5051376634301524,  ,  ,2.440074057338761e-06,0.4971607156421428
2.016642343180227e-06,0.5215155802269986,  ,  ,2.440154715707362e-06,0.4939782712042372
2.016701026812987e-06,0.5262765828761639,  ,  ,2.448074006789671e-06,0.4971638216813405
2.017843818987642e-06,0.5274584006285268,  ,  ,2.448154872533666e-06,0.493999573176506
2.023265193386327e-06,0.5506322577954,  ,  ,2.456073642358943e-06,0.4971038765871185
2.024116077650738e-06,0.554681816873877,  ,  ,2.456155260956791e-06,0.4939924850702884
2.024146914897135e-06,0.5513799016754024,  ,  ,2.464073976631159e-06,0.497175860930765
2.024324042093586e-06,0.523694714204215,  ,  ,2.46415605953554e-06,0.4939387462568025
2.024717631239196e-06,0.4685477429791607,  ,  ,2.472073915339104e-06,0.497169819647913
2.024780911718838e-06,0.4881361545252293,  ,  ,2.472156395625383e-06,0.4939290987387242
2.024837536120074e-06,0.4948434410317367,  ,  ,2.480073654993054e-06,0.4971234104863624
2.025858288355924e-06,0.4976334579568725,  ,  ,2.480092902142426e-06,0.4959873057221845
2.030310449972181e-06,0.5278954471845908,  ,  ,2.480155795709318e-06,0.4940196172123159
2.032116360976536e-06,0.5381225502713494,  ,  ,2.488073590958441e-06,0.4971136213825427
2.032147602300369e-06,0.5347124600953964,  ,  ,2.488092669687397e-06,0.4960822753231386
2.032343342372467e-06,0.5050558662119711,  ,  ,2.48815607345125e-06,0.4940094271473406
2.032777086882714e-06,0.4448777749451819,  ,  ,2.496073664336562e-06,0.4971301824142068
2.032838491901754e-06,0.4649383799713362,  ,  ,2.496092770353208e-06,0.4961057623355984
2.03289304262813e-06,0.4723161807399114,  ,  ,2.496156289368415e-06,0.4940021582431455
2.033809712209505e-06,0.4759540309884004,  ,  ,2.504073528257165e-06,0.4971046886303143
2.037915834465269e-06,0.5108607978850269,  ,  ,2.504092747781825e-06,0.4961510655947248
2.040115834293088e-06,0.5256302504913197,  ,  ,2.504156762878376e-06,0.4939622748969127
2.040146118706579e-06,0.5226359739622478,  ,  ,2.512073704214778e-06,0.4971411690188776
2.040335439334796e-06,0.494157685579303,  ,  ,2.51209307318116e-06,0.4961122855902915
2.040773428981422e-06,0.4337476487770675,  ,  ,2.512156916208461e-06,0.4939570073344086
2.040836151103512e-06,0.4534376116578072,  ,  ,2.520073712663054e-06,0.4971435243584802
2.040888383593541e-06,0.460211991148482,  ,  ,2.52009289362283e-06,0.4961828022108588
2.041722099029968e-06,0.4638702883711195,  ,  ,2.520157047530015e-06,0.4939523476462357
2.045739782662437e-06,0.5010546684666602,  ,  ,2.528073900928627e-06,0.4971813249885549
2.048115836609742e-06,0.5181205636673114,  ,  ,2.528093144013675e-06,0.4961471486181013
2.048146320427236e-06,0.5151058041769618,  ,  ,2.528157150465629e-06,0.4939483601545114
2.048341985908915e-06,0.4860113025140255,  ,  ,2.536073501200343e-06,0.4971028602023223
2.048735080517031e-06,0.4322190743811302,  ,  ,2.536092661578976e-06,0.4962862411100968
2.048798016032295e-06,0.450573592441841,  ,  ,2.536157531893633e-06,0.4939130313623606
2.048851156592971e-06,0.4565166553679597,  ,  ,2.544073520918848e-06,0.4971068618779801
2.049694427782281e-06,0.4603192413869853,  ,  ,2.544092686765587e-06,0.4962976604451869
2.053642130750077e-06,0.4969385679362572,  ,  ,2.544157609802668e-06,0.4939095815756752
2.056116052219085e-06,0.5146337152322583,  ,  ,2.55207359266722e-06,0.4971210950348197
2.056146981749018e-06,0.5114386339365902,  ,  ,2.552092976591006e-06,0.4962376822282447
2.056358884351754e-06,0.4802655441659269,  ,  ,2.552157392347736e-06,0.493937341837565
2.056682582063491e-06,0.4359043548665756,  ,  ,2.560073679701363e-06,0.4971384276185052
2.056747838262448e-06,0.4530944428877149,  ,  ,2.560092897264545e-06,0.4962681493329488
2.056801208066945e-06,0.458035218575307,  ,  ,2.560157714034216e-06,0.4939052946663603
2.057675554374949e-06,0.461782212617852,  ,  ,2.568073679324073e-06,0.49713864202609
2.06163147857081e-06,0.4967100114137333,  ,  ,2.568093070321412e-06,0.4962334515813869
2.064115881493879e-06,0.513567178473336,  ,  ,2.568157465962821e-06,0.4939350979535483
2.064146052410719e-06,0.5105921190816497,  ,  ,2.57607376692994e-06,0.4971559110410423
2.064343102951107e-06,0.4813247097442337,  ,  ,2.576093066905762e-06,0.4962410850589961
2.064631540419344e-06,0.4418816454208909,  ,  ,2.576157777962511e-06,0.4939025221590982
2.064699615601745e-06,0.4579842953246425,  ,  ,2.584073827838748e-06,0.4971679250304566
2.064753323167319e-06,0.4618674417613049,  ,  ,2.584093117045205e-06,0.4962352553235693
2.065692916657299e-06,0.4656761875831117,  ,  ,2.584157523751729e-06,0.4939324092626968
2.069663882497947e-06,0.4981896811352911,  ,  ,2.592073881381248e-06,0.497178092753204
2.072116041712027e-06,0.5136977885611363,  ,  ,2.592093140340975e-06,0.4962341086570106
2.072146786519031e-06,0.5104985884482639,  ,  ,2.592157796263434e-06,0.4939035947502094
2.072356103675725e-06,0.479535655622642,  ,  ,2.600073826085162e-06,0.4971672321988874
2.072587704862516e-06,0.4479053156088467,  ,  ,2.600093097908488e-06,0.4962482664338194
2.072657657508851e-06,0.4629266949023252,  ,  ,2.600157666611291e-06,0.4939181291998145
2.072713390752687e-06,0.4660978187854197,  ,  ,2.608073831288837e-06,0.4971679944019468
2.073698037604409e-06,0.4697652674726254,  ,  ,2.608093103547802e-06,0.4962488761593618
2.077764217101577e-06,0.5002940703401521,  ,  ,2.608157854673857e-06,0.4938986073946718
2.080115738259665e-06,0.5140089060657705,  ,  ,2.616073832010063e-06,0.4971679834650333
2.080146182871384e-06,0.5109772054664257,  ,  ,2.616093093534784e-06,0.4962539508989599
2.080344279447092e-06,0.4814133391154321,  ,  ,2.616157862851304e-06,0.4938982619110116
2.080551968300286e-06,0.4530129070375317,  ,  ,2.624073840962749e-06,0.4971697010726381
2.080624777532931e-06,0.4672677752749408,  ,  ,2.624093176519378e-06,0.4962344795388833
2.080685640800775e-06,0.4697046774428204,  ,  ,2.624157873290876e-06,0.4938974559696971
2.081768151214867e-06,0.4737187652908315,  ,  ,2.632073819913186e-06,0.4971655125152453
2.085881603828915e-06,0.5020648644909632,  ,  ,2.632093081825936e-06,0.4962589845205517
2.088115861467928e-06,0.5142032009889392,  ,  ,2.632157877977025e-06,0.4938970340761446
2.088145624409575e-06,0.5112676848614292,  ,  ,2.640073833277387e-06,0.4971678924285036
2.088335001308983e-06,0.4827841739011418,  ,  ,2.640093423755247e-06,0.496174425627892
2.088523540970259e-06,0.4570322650813601,  ,  ,2.640157593003056e-06,0.4939281402972285
2.088598395509036e-06,0.4705631799863722,  ,  ,2.648073831422232e-06,0.4971673988847565
2.088662570123868e-06,0.472426655180523,  ,  ,2.648093412440543e-06,0.4961769013489478
2.089849172369721e-06,0.4768470552158258,  ,  ,2.648157653282327e-06,0.4939205886208004
2.094035751764396e-06,0.5034527277174464,  ,  ,2.656073827115759e-06,0.4971664038533488
2.096115512753298e-06,0.5140303217034869,  ,  ,2.656093411775601e-06,0.4961768524954077
2.096145497605893e-06,0.5111405435856405,  ,  ,2.656157662516222e-06,0.4939193861837328
2.096335183072254e-06,0.482558755209413,  ,  ,2.664073830004099e-06,0.4971668513626679
2.096499680712765e-06,0.4600008768388217,  ,  ,2.664093407588298e-06,0.4961776290408402
2.096577272823765e-06,0.4730054123213814,  ,  ,2.664157641143079e-06,0.4939216482594901
2.096648964814221e-06,0.4742224138609902,  ,  ,2.67207383561555e-06,0.4971677495075483
2.098025025308034e-06,0.4798070802359873,  ,  ,2.672093118065029e-06,0.4962482367569218
2.102269740403927e-06,0.5046690871377371,  ,  ,2.672157639788672e-06,0.4939214570286049
2.104115572688728e-06,0.5135998695688463,  ,  ,2.680073832552477e-06,0.4971669601972769
2.104145112944236e-06,0.51078709850528,  ,  ,2.680093060855547e-06,0.4962621113934219
2.104332606009967e-06,0.4824422618676817,  ,  ,2.680157869369963e-06,0.4938966324073366
2.104478991799836e-06,0.4623200798257555,  ,  ,2.688073840437046e-06,0.4971683797713939
2.104559519996591e-06,0.4748516731678001,  ,  ,2.688093169997639e-06,0.4962336170748581
2.104649592713775e-06,0.4753322273818778,  ,  ,2.688157598666086e-06,0.4939261096023053
2.10635630096273e-06,0.4831782578887028,  ,  ,2.69607349242653e-06,0.4970990706074686
2.110722985671412e-06,0.506353981229143,  ,  ,2.696092669217286e-06,0.4963632032918084
2.112115776318323e-06,0.5130019354260624,  ,  ,2.696157863975299e-06,0.4938967798747485
2.112145941252662e-06,0.5099894346022695,  ,  ,2.704073831933126e-06,0.4971664459594691
2.112338748381103e-06,0.4809369336891055,  ,  ,2.704093095781308e-06,0.496250487009879
2.112460762962238e-06,0.464326122299562,  ,  ,2.704157859434259e-06,0.4938969870484715
2.112542980449468e-06,0.4762582981107226,  ,  ,2.712073829981449e-06,0.4971662984248597
2.114258933863606e-06,0.4833492386670035,  ,  ,2.712093092036719e-06,0.4962508880057609
2.11875709464856e-06,0.506053073989392,  ,  ,2.712157859922797e-06,0.4938968080224956
2.120115484582612e-06,0.5122601101226797,  ,  ,2.720073824569808e-06,0.4971649233678658
2.120145376071287e-06,0.5093862009848138,  ,  ,2.720093054958118e-06,0.4962605271684631
2.120333163694256e-06,0.4809708427957171,  ,  ,2.720157900306852e-06,0.4938919579061403
2.120443138339241e-06,0.4660756333752499,  ,  ,2.72807383612925e-06,0.4971671799787891
2.120528308558271e-06,0.4775179040042242,  ,  ,2.728093161748951e-06,0.4962332475545218
2.122110404563891e-06,0.4831288105434036,  ,  ,2.728157583946611e-06,0.4939267238014297
2.126724996777145e-06,0.505451826188782,  ,  ,2.736073795922207e-06,0.4971593532313909
2.12811609706331e-06,0.5115948033766756,  ,  ,2.736093075255903e-06,0.4962541969588698
2.12814689441281e-06,0.5083300877774535,  ,  ,2.736157847463602e-06,0.4938975674252287
2.128353174774797e-06,0.4774900897640056,  ,  ,2.744073830618408e-06,0.4971663578812908
2.128425280860517e-06,0.4677052379470111,  ,  ,2.744093105242973e-06,0.4962462305323718
2.128513477289289e-06,0.4786672432328569,  ,  ,2.744157671123203e-06,0.4939161437284785
2.130002142580226e-06,0.4832217024195583,  ,  ,2.752073750738596e-06,0.497150040345253
2.134753771349788e-06,0.5051047728598,  ,  ,2.752093198739835e-06,0.4962220803922641
2.136115355483878e-06,0.5108463452274711,  ,  ,2.752157579706938e-06,0.4939268779164316
2.136145164005385e-06,0.5080062040359006,  ,  ,2.760073826911167e-06,0.4971655404306879
2.136330640929577e-06,0.4798706356385732,  ,  ,2.760093094106453e-06,0.4962481715846653
2.136408682845041e-06,0.4694118854978535,  ,  ,2.760157851627458e-06,0.4938968121804334
2.136498844118279e-06,0.4797637842905405,  ,  ,2.768073827035773e-06,0.4971654884216124
2.137926527297586e-06,0.4835595239670675,  ,  ,2.768093094432772e-06,0.4962480313572302
2.142829542764594e-06,0.5049510100538178,  ,  ,2.768157851789383e-06,0.493896706487616
2.144115867610167e-06,0.5102789083877357,  ,  ,2.776073829223399e-06,0.4971657897911221
2.144146409597819e-06,0.50708444012448,  ,  ,2.776093104671208e-06,0.4962450603370275
2.144350596776921e-06,0.4764566404490171,  ,  ,2.776157841112145e-06,0.4938977358907497
2.14439235838121e-06,0.4710405015323244,  ,  ,2.784073826788705e-06,0.4971654004145432
2.144486145858161e-06,0.4808849487628266,  ,  ,2.784093093701215e-06,0.4962481544858139
2.145829258980364e-06,0.4838303595488906,  ,  ,2.784157844433411e-06,0.49389748598977
2.150895283106855e-06,0.5047860815407673,  ,  ,2.792073497215529e-06,0.497099609129174
2.152116156554401e-06,0.5097242271575961,  ,  ,2.792092957508565e-06,0.4962832407017947
2.152147304351281e-06,0.506333760262207,  ,  ,2.792157870994711e-06,0.4938946008340674
2.15237368980104e-06,0.4723473222016767,  ,  ,2.80007382706899e-06,0.4971653796728936
2.152473668254215e-06,0.481953072628823,  ,  ,2.800093094518918e-06,0.4962478999875247
2.153765868794209e-06,0.4843269706576784,  ,  ,2.800157852228373e-06,0.4938965377542839
2.158998695230587e-06,0.5047439055137778,  ,  ,2.808073826970766e-06,0.497165431402014
2.160116035805349e-06,0.5091921959809317,  ,  ,2.808093098603037e-06,0.4962463061996208
2.160146441690064e-06,0.5059955374864759,  ,  ,2.808157840641596e-06,0.4938976062772266
2.16035941675467e-06,0.4739384067977117,  ,  ,2.81607382858175e-06,0.4971656544765246
2.160461739325553e-06,0.4829486216595256,  ,  ,2.816093153992629e-06,0.4962326509613367
2.161731050839648e-06,0.4849495027305984,  ,  ,2.816157568785984e-06,0.4939276400002995
2.167126348265957e-06,0.5047600771350611,  ,  ,2.824073825099078e-06,0.4971650016081341
2.168115477272207e-06,0.5086511009067081,  ,  ,2.824093091763207e-06,0.4962480490946759
2.168144640959169e-06,0.5058967196723076,  ,  ,2.82415784982772e-06,0.493896642812969
2.168344741466561e-06,0.4753861843834066,  ,  ,2.832073829028882e-06,0.497165556930081
2.168451440155782e-06,0.4839066441909271,  ,  ,2.832093154758333e-06,0.4962324648896324
2.1697059536814e-06,0.4856106654123499,  ,  ,2.832157572028134e-06,0.4939270174121678
2.17527486117926e-06,0.504816747261611,  ,  ,2.840073835910125e-06,0.4971667043719809
2.176115895721259e-06,0.5082487679803941,  ,  ,2.840093140810521e-06,0.4962350199345134
2.176145807539615e-06,0.5051983914075961,  ,  ,2.840157838092701e-06,0.4938975478183766
2.176332457408058e-06,0.4768709400789113,  ,  ,2.848073832723789e-06,0.4971661892236886
2.17644004430922e-06,0.4847173575404752,  ,  ,2.848093132225543e-06,0.4962362548237414
2.177781434326132e-06,0.4866364109295129,  ,  ,2.848157832940971e-06,0.4938979059862821
2.183504693458814e-06,0.5050276021320269,  ,  ,2.856073884942655e-06,0.4971764418291953
2.184116228585824e-06,0.5078650915170593,  ,  ,2.856093381927386e-06,0.4961750579687019
2.184146668191164e-06,0.5045798185692334,  ,  ,2.856157595576001e-06,0.4939236281166019
2.184319349842097e-06,0.4781409421155894,  ,  ,2.864073827815577e-06,0.4971653602829357
2.184429265498799e-06,0.4854291411314991,  ,  ,2.864093143510035e-06,0.4962330751511082
2.185908758586333e-06,0.4877885537046868,  ,  ,2.864157554021909e-06,0.4939287328152001
2.191818913956957e-06,0.5053583959148827,  ,  ,2.872073826678396e-06,0.4971650871895461
2.192116811894085e-06,0.5075172758611008,  ,  ,2.872093147649031e-06,0.4962325668920973
2.192149252748677e-06,0.5036156853868787,  ,  ,2.872157572454487e-06,0.4939266171175655
2.192307039111121e-06,0.4793852911010665,  ,  ,2.880073826077977e-06,0.4971649031694032
2.192419513945774e-06,0.4861015133425906,  ,  ,2.880093148864735e-06,0.4962323353504932
2.194083157362226e-06,0.4890468609004871,  ,  ,2.880157555301366e-06,0.4939287390383332
2.200115498405986e-06,0.5070138354628829,  ,  ,2.888073827187978e-06,0.4971653966343561
2.200145101711644e-06,0.5041244775601093,  ,  ,2.888093143524084e-06,0.4962332553279987
2.200296002496433e-06,0.4805612371879437,  ,  ,2.888157560225648e-06,0.4939278307388789
2.200410836586541e-06,0.4867317007540553,  ,  ,2.896073733064674e-06,0.4971464490709641
2.202272238851313e-06,0.4902450904221748,  ,  ,2.896093053122956e-06,0.496256169006484
2.208115245624128e-06,0.5066221160696505,  ,  ,2.896157659064371e-06,0.4939164922370243
2.208144937576749e-06,0.5037922796390856,  ,  ,2.904073829410094e-06,0.4971657339084947
2.208285374337585e-06,0.4816361981047481,  ,  ,2.904093143901571e-06,0.496233133134958
2.208402885154506e-06,0.487337272334729,  ,  ,2.904157554414953e-06,0.4939287620820991
2.21046900113664e-06,0.4913555066995325,  ,  ,2.912073733547914e-06,0.4971466305167294
2.216116088817878e-06,0.5063558935069562,  ,  ,2.912093048251798e-06,0.4962574727600455
2.216146843843402e-06,0.5030349898813021,  ,  ,2.912157839516454e-06,0.4938975404075449
2.216274676186224e-06,0.4826217572908544,  ,  ,2.920073737939453e-06,0.4971475034762788
2.216396353140943e-06,0.4879259796955808,  ,  ,2.920093029753776e-06,0.4962621795164783
2.218716189478707e-06,0.4925113382282065,  ,  ,2.92015785881931e-06,0.4938955305317606
2.224115405105315e-06,0.5059548786673723,  ,  ,2.928073828179152e-06,0.4971655598598985
2.224144952963859e-06,0.5031120259310435,  ,  ,2.928093148183844e-06,0.4962330272595488
2.224266185620158e-06,0.4836325716875474,  ,  ,2.928157562610215e-06,0.4939281693947858
2.224392302570718e-06,0.4884770704855568,  ,  ,2.936073776829882e-06,0.497155327818506
2.22707896584494e-06,0.4938721047136597,  ,  ,2.936093340095329e-06,0.4961862711867604
2.232115790213182e-06,0.5056840628085536,  ,  ,2.936157562125493e-06,0.4939283197581507
2.232146199312538e-06,0.5025267914421341,  ,  ,2.944073826331481e-06,0.4971650310161938
2.232256711584382e-06,0.4845247635419043,  ,  ,2.944093151093037e-06,0.496232203998451
2.23238698461814e-06,0.4889925729949812,  ,  ,2.944157569696391e-06,0.4939270689623899
2.235939980544591e-06,0.4962537244085864,  ,  ,2.952073776099405e-06,0.4971550763889637
2.240115843359532e-06,0.5053965719961659,  ,  ,2.952093339745958e-06,0.4961861296913299
2.240146241831076e-06,0.502223159623072,  ,  ,2.952157568497177e-06,0.4939274356127782
2.240248128073639e-06,0.4853955583227955,  ,  ,2.960073827555833e-06,0.4971654047188944
2.240383307457421e-06,0.4894558919306833,  ,  ,2.960093144398972e-06,0.4962331870527326
2.248115169741899e-06,0.5050537442772977,  ,  ,2.96015783872097e-06,0.4938974564766605
2.248144487593972e-06,0.5023318531102032,  ,  ,2.96807373111694e-06,0.4971461438829964
2.24823974143451e-06,0.4862170268057233,  ,  ,2.968093093089299e-06,0.4962461968832367
2.248380068927785e-06,0.4898888577560222,  ,  ,2.96815760852979e-06,0.4939223343610328
2.256115194818404e-06,0.5048031746868971,  ,  ,2.97607382815215e-06,0.4971655426029561
2.256144813088956e-06,0.5020105741410992,  ,  ,2.976093148002488e-06,0.4962330283892729
2.25623301598414e-06,0.4870227075376256,  ,  ,2.976157562379851e-06,0.4939281735146162
2.25637695410239e-06,0.4903049394079702,  ,  ,2.984073846512037e-06,0.4971690566772141
2.264115307777279e-06,0.5045779028269243,  ,  ,2.984093155884466e-06,0.4962318848117809
2.26414435676881e-06,0.5018746990023948,  ,  ,2.984157560037654e-06,0.4939286019934755
2.264225596588698e-06,0.4877570857338667,  ,  ,2.99207382893691e-06,0.4971655921799523
2.264375737832221e-06,0.4906886243590256,  ,  ,2.992093153759348e-06,0.4962323104450649
2.272115616064711e-06,0.5043882090801047,  ,  ,2.992157842183949e-06,0.4938975295398512
2.272145088888527e-06,0.5014969476158049,  ,  ,3.000073828434891e-06,0.4971654708141753
2.272219098624919e-06,0.4884584323962971,  ,  ,3.000093153736716e-06,0.496232292569676
2.272375298674098e-06,0.49106153673401,  ,  ,3.000157560629976e-06,0.493928477214738
2.28011539204103e-06,0.5041545416280908,  ,  ,3.008073836139959e-06,0.4971669098127396
2.280144995417845e-06,0.501298642545263,  ,  ,3.008093140854978e-06,0.4962353970377805
2.280212834064404e-06,0.4891109714657701,  ,  ,3.008157566361127e-06,0.493927800352895
2.280376076966888e-06,0.491420558799098,  ,  ,3.016073829203939e-06,0.4971658473058448
2.288115831808381e-06,0.5039986050175037,  ,  ,3.016093154195848e-06,0.4962324111620273
2.288145462181931e-06,0.5009796662059816,  ,  ,3.016157563250486e-06,0.4939281267758525
2.288206410217749e-06,0.4897290872265427,  ,  ,3.024073735803754e-06,0.4971469446665479
2.288380027948359e-06,0.4917681525450364,  ,  ,3.024093201190862e-06,0.4962198127779471
2.296114925315656e-06,0.5037133350753578,  ,  ,3.02415755965264e-06,0.493928538964252
2.296143215080556e-06,0.5012702633666111,  ,  ,3.032073774707881e-06,0.4971548069651577
2.296200991911455e-06,0.4903295491603302,  ,  ,3.032093344839201e-06,0.4961849711030547
2.296392891835178e-06,0.4921174462452934,  ,  ,3.032157560595424e-06,0.4939285607118328
2.304115323112591e-06,0.503577783347002,  ,  ,3.040073826318383e-06,0.4971650317856409
2.304143917805062e-06,0.5009343371840391,  ,  ,3.040093101264054e-06,0.4962450182351598
2.304195613418101e-06,0.4909092854366393,  ,  ,3.040157837109066e-06,0.4938979349978304
2.304422367381072e-06,0.4924941282944322,  ,  ,3.048073828561812e-06,0.4971656226080074
2.312115613197374e-06,0.5034437548301414,  ,  ,3.04809315343971e-06,0.4962323766268943
2.31214532689892e-06,0.5004545269944625,  ,  ,3.048157562804717e-06,0.4939280930399251
2.312192085573042e-06,0.4914509644646646,  ,  ,3.056073828304956e-06,0.4971653888248678
2.31248107240074e-06,0.4928860122375774,  ,  ,3.056093148555745e-06,0.4962328084372783
2.320115176511088e-06,0.5032412748636012,  ,  ,3.056157563226629e-06,0.4939279373777616
2.320143790087759e-06,0.5006248033581256,  ,  ,3.064073780857968e-06,0.497156014004751
2.320186451244991e-06,0.4919810481633405,  ,  ,3.064092988178419e-06,0.4962737151058461
2.320685892192049e-06,0.4933069202688191,  ,  ,3.064157673334171e-06,0.4939152386638445
2.328115564702433e-06,0.5031305954262241,  ,  ,3.072073807215077e-06,0.4971612079452438
2.328145362513231e-06,0.5001008789654779,  ,  ,3.072093013863569e-06,0.4962674979694182
2.328183277680364e-06,0.4924566110458454,  ,  ,3.072157843031432e-06,0.4938973566331075
2.336115653927077e-06,0.5029921379406118,  ,  ,3.080073786220134e-06,0.4971570209778776
2.336145067826417e-06,0.4999680748922753,  ,  ,3.080093042963839e-06,0.49625973070581
2.336179795470721e-06,0.4929159695975233,  ,  ,3.080157888876097e-06,0.4938920606689533
2.344115132980068e-06,0.5027971929501605,  ,  ,3.088073790254335e-06,0.4971578455691238
2.344143120376025e-06,0.5002078823034997,  ,  ,3.088093063867505e-06,0.4962544132390259
2.344176107658227e-06,0.4933609542730728,  ,  ,3.088157849854033e-06,0.4938966233138354
2.352115270266511e-06,0.5026765510929527,  ,  ,3.096073827862616e-06,0.4971655533007945
2.352142651748431e-06,0.5000584114591934,  ,  ,3.096093153095215e-06,0.4962326358720134
2.352173835251893e-06,0.4937558368202073,  ,  ,3.096157567590745e-06,0.4939278153425459
2.360115453723183e-06,0.5025650144695991,  ,  ,3.104073829008746e-06,0.4971656731695246
2.360141457121812e-06,0.5000750977290471,  ,  ,3.104093154712818e-06,0.4962325851509393
2.36017132036032e-06,0.4941496020743404,  ,  ,3.104157569421251e-06,0.4939274302181964
2.368115881292108e-06,0.5024883271835432,  ,  ,3.112073828581557e-06,0.4971656511700122
2.368140836449776e-06,0.4999191227021489,  ,  ,3.11209315401518e-06,0.4962326225220274
2.368169751730169e-06,0.4945056057185219,  ,  ,3.112157569284298e-06,0.4939275799831016
2.376115900066564e-06,0.5023793023339784,  ,  ,3.120073825407607e-06,0.4971650712251296
2.376140102393306e-06,0.4997904857778067,  ,  ,3.12009309341731e-06,0.4962475901421166
2.376169307582186e-06,0.4948144820360744,  ,  ,3.120157846651662e-06,0.4938970543039025
2.384115578399529e-06,0.5022370959001358,  ,  ,3.128073828592532e-06,0.4971655952473781
2.384139078375249e-06,0.4997558781175743,  ,  ,3.128093154068695e-06,0.4962325435269884
2.384169196878097e-06,0.4951014978930785,  ,  ,3.128157569980314e-06,0.4939274446193903
2.392115957685539e-06,0.5021675792986224,  ,  ,3.136073828590742e-06,0.4971656375157917
2.39213890179691e-06,0.4994690176018823,  ,  ,3.136093153987701e-06,0.4962326537771991
2.392171517026902e-06,0.4953290971554636,  ,  ,3.136157568586554e-06,0.4939276440204722
2.400116035068926e-06,0.502071153399839,  ,  ,3.144073825457637e-06,0.4971650296030662
2.400138865180101e-06,0.4991662588505905,  ,  ,3.144093093751003e-06,0.4962474381069212
2.400177293011738e-06,0.4954998119482825,  ,  ,3.144157846751363e-06,0.4938969809031986
2.408116288165721e-06,0.5019871868892689,  ,  ,3.152073828634103e-06,0.4971655068260541
2.408141167565288e-06,0.4982807540757397,  ,  ,3.152093153778106e-06,0.496232365218417
2.408211703297715e-06,0.4957133073973167,  ,  ,3.152157573804385e-06,0.4939266579482192
2.41611596397491e-06,0.501847609551958,  ,  ,3.160073828566088e-06,0.4971654069610962
2.416172679038172e-06,0.4959797777711839,  ,  ,3.160093153636475e-06,0.4962321513011072
2.424117001974013e-06,0.5018069177768572,  ,  ,3.160157564790806e-06,0.4939276622776252
2.42417239109677e-06,0.4961705869013488,  ,  ,3.168073829523274e-06,0.4971654413465753
2.432130847158315e-06,0.5003517417799134,  ,  ,3.168093153149067e-06,0.4962321920105107
2.432176988599723e-06,0.4962668636080494,  ,  ,3.168157566073329e-06,0.4939274797204617
2.440130612968194e-06,0.5001803549340569,  ,  ,3.176073828834631e-06,0.4971653476405196
2.44018571537446e-06,0.4963217697821156,  ,  ,3.176093153756559e-06,0.4962321059320937
2.448130094913942e-06,0.5000936363002655,  ,  ,3.176157842401673e-06,0.4938972147116495
2.448194672483415e-06,0.4964101789413469,  ,  ,3.184073748200008e-06,0.4971492249996986
2.456130829015453e-06,0.499785579123814,  ,  ,3.184093053854319e-06,0.496256684499754
2.456209771848909e-06,0.4965533721710348,  ,  ,3.184157842854318e-06,0.4938971135086391
2.464131285641174e-06,0.4995982873606737,  ,  ,3.192073730860012e-06,0.4971457971951779
2.464225557312552e-06,0.4966610331890025,  ,  ,3.192093103640445e-06,0.496243241333693
2.472131705592376e-06,0.4994763179686615,  ,  ,3.192157842322457e-06,0.493897051732085
2.472237976021446e-06,0.4968673907345549,  ,  ,3.200073827574934e-06,0.4971652805671178
2.480133105458622e-06,0.4992990419999603,  ,  ,3.200093144342702e-06,0.4962330622051259
2.480258556783027e-06,0.4969756014686764,  ,  ,3.200157837909763e-06,0.4938973919451522
2.48813609120464e-06,0.4990520921178849,  ,  ,3.208073827468267e-06,0.4971652494355577
2.488316565263541e-06,0.4969457059023797,  ,  ,3.208093144416722e-06,0.4962330617961628
2.496138522882291e-06,0.4989223327020227,  ,  ,3.208157837905094e-06,0.4938973853138311
2.496376841470222e-06,0.4970972350081866,  ,  ,3.216073827614852e-06,0.497165277477005
2.504141799459071e-06,0.4987613974941282,  ,  ,3.216093144396277e-06,0.496233054138521
2.504598401213939e-06,0.4972729726535118,  ,  ,3.2161578384752e-06,0.4938973459328986
2.512145698499716e-06,0.4985810335251069,  ,  ,3.224073826492227e-06,0.4971649307803797
2.520148436046653e-06,0.4984904407987005,  ,  ,3.224093147073353e-06,0.4962324836759661
2.528152540668007e-06,0.4983311600868489,  ,  ,3.224157568001958e-06,0.4939269534898404
2.536156801856499e-06,0.4981869487873221,  ,  ,3.232073734091381e-06,0.4971465443828469
2.54415661848107e-06,0.4982614043084299,  ,  ,3.232093193490473e-06,0.4962210251913051
2.552157961101774e-06,0.4982619466476714,  ,  ,3.232157557973988e-06,0.4939283304464611
2.560158182564085e-06,0.4983110978518559,  ,  ,3.240073826851049e-06,0.4971652269102211
2.568158866041083e-06,0.49833386538585,  ,  ,3.240093142463197e-06,0.4962331097672664
2.576159622328046e-06,0.4983515484392484,  ,  ,3.240157835925105e-06,0.4938974690535051
2.584159128439665e-06,0.4984226338531511,  ,  ,3.248073884633299e-06,0.497176495444273
2.592160861360654e-06,0.4983940053213671,  ,  ,3.248093389398725e-06,0.4961728291526679
2.600160788588792e-06,0.49843954687914,  ,  ,3.248157553612196e-06,0.4939287023520417
2.608160599424089e-06,0.4984881105491351,  ,  ,3.256073830673233e-06,0.4971658318438623
2.616160467911613e-06,0.4985330101084849,  ,  ,3.256093142177521e-06,0.496233806934384
2.624160000764024e-06,0.4985890475704882,  ,  ,3.25615783607379e-06,0.4938976915643375
2.632129945511887e-06,0.5000434955406203,  ,  ,3.26407373537747e-06,0.4971468402254688
2.632325176022939e-06,0.4979467345050099,  ,  ,3.264093188785725e-06,0.4962222410273413
2.640127390837988e-06,0.4999731897508947,  ,  ,3.264157568848215e-06,0.4939272905332506
2.64035237943224e-06,0.4980187641147651,  ,  ,3.272073863451227e-06,0.49717222236883
2.648126188856042e-06,0.4999152489336482,  ,  ,3.272093172517442e-06,0.4962264020158119
2.648383212987873e-06,0.4980851388769849,  ,  ,3.27215755580686e-06,0.4939287184942375
2.656125451639021e-06,0.499873545822471,  ,  ,3.280073736802671e-06,0.4971473743570865
2.656411342252466e-06,0.4981434142111129,  ,  ,3.280093026363854e-06,0.4962623388885541
2.664124070039014e-06,0.4997525479332593,  ,  ,3.280157857880706e-06,0.4938953428664991
2.664502242851106e-06,0.4982107783560892,  ,  ,3.288073869777802e-06,0.4971736172858116
2.672123724253108e-06,0.4997279998767654,  ,  ,3.288093165495662e-06,0.496227974639286
2.672537638217189e-06,0.4982498127463475,  ,  ,3.288157567251058e-06,0.4939272330111922
2.680123327433097e-06,0.4996947329892662,  ,  ,3.296073827448203e-06,0.4971653854740192
2.680596669773802e-06,0.4982744032531575,  ,  ,3.296093144440284e-06,0.4962331941342484
2.688123076186473e-06,0.4996776534971432,  ,  ,3.296157838263695e-06,0.4938974981351274
2.688647250633382e-06,0.4983088202954974,  ,  ,3.304073732056176e-06,0.4971462663472745
2.696122412291095e-06,0.4996016912220603,  ,  ,3.304093066990649e-06,0.4962527046874013
2.696903063577319e-06,0.4983404397317616,  ,  ,3.304157834126282e-06,0.4938979866410886
2.704121918708346e-06,0.4995433872708512,  ,  ,3.312073741863535e-06,0.4971482252276857
2.705475176503266e-06,0.4984038415066052,  ,  ,3.312093027099727e-06,0.4962627819775348
2.712121601601241e-06,0.4995066979916151,  ,  ,3.312157866584727e-06,0.4938946289701414
2.715141904290968e-06,0.4986046473262951,  ,  ,3.320073776008951e-06,0.4971551075327484
2.720121636259463e-06,0.4995215734228763,  ,  ,3.320093339734776e-06,0.4961861578091579
2.723135830031125e-06,0.4986108781871654,  ,  ,3.320157570188747e-06,0.4939272744075825
2.728121213424221e-06,0.4994671757224435,  ,  ,3.328073835268651e-06,0.4971668189525376
2.73612071092667e-06,0.499396506019952,  ,  ,3.328093137546064e-06,0.4962363423153744
2.74412051203893e-06,0.4993723944872321,  ,  ,3.328157846674793e-06,0.4938968837409089
2.752120117353987e-06,0.4993154031744034,  ,  ,3.336073828578184e-06,0.4971655572750081
2.760120072588037e-06,0.4993142359991004,  ,  ,3.336093153356749e-06,0.4962323296771533
2.768119913337425e-06,0.4992942355126094,  ,  ,3.336157562265633e-06,0.493928086693518
2.776119895468703e-06,0.4992978565932223,  ,  ,3.344073826858545e-06,0.4971649929118745
2.784119932765023e-06,0.4993102387041412,  ,  ,3.344093150879696e-06,0.4962321367962415
2.792119672060482e-06,0.4992708775200972,  ,  ,3.344157558249157e-06,0.4939284402613283
2.800119646323026e-06,0.499273263913775,  ,  ,3.352073820059026e-06,0.4971637058554522
2.808119254081707e-06,0.4992095644737855,  ,  ,3.352093085537974e-06,0.4962484664960981
2.816119282125141e-06,0.4992190484253049,  ,  ,3.352157842221731e-06,0.4938971647075981
2.824119054284364e-06,0.4991840657419729,  ,  ,3.360073744027038e-06,0.4971486066057719
2.832118653207442e-06,0.4991163323963946,  ,  ,3.360093186796134e-06,0.4962226991124253
2.832168486418045e-06,0.498737220912912,  ,  ,3.360157556692845e-06,0.493928656352248
2.840118916215429e-06,0.4991674770583521,  ,  ,3.368073827436986e-06,0.4971653931375112
2.840175885820114e-06,0.4985402065195643,  ,  ,3.368093144436361e-06,0.4962331877378237
2.848118821417373e-06,0.4991554034085179,  ,  ,3.36815755519264e-06,0.493928659534749
2.848170682105376e-06,0.4986861479639323,  ,  ,3.376073731511607e-06,0.4971461801526257
2.856118695487959e-06,0.4991362281303645,  ,  ,3.376093075256057e-06,0.4962505938616767
2.856167508240305e-06,0.498794608211712,  ,  ,3.376157840474509e-06,0.4938974727319567
2.864118746333719e-06,0.4991497509364268,  ,  ,3.384073736020604e-06,0.4971471167454719
2.864168326350897e-06,0.4987732934707266,  ,  ,3.384093188824902e-06,0.4962223551023281
2.8721186307741e-06,0.499132261154924,  ,  ,3.384157637848647e-06,0.4939190789753046
2.872166308791738e-06,0.4988499943948482,  ,  ,3.392073736165611e-06,0.4971471484876714
2.880118533006752e-06,0.4991171504991652,  ,  ,3.392093034991857e-06,0.4962608391508461
2.880164903219323e-06,0.4989083423575701,  ,  ,3.392157840346066e-06,0.4938975370066492
2.888118471950855e-06,0.4991088529308282,  ,  ,3.40007373560234e-06,0.4971470741843451
2.888163766995e-06,0.4989597867422431,  ,  ,3.400093187553343e-06,0.4962227035250308
2.896118078634425e-06,0.4990396070905941,  ,  ,3.400157558441016e-06,0.4939286846960094
2.896158890273384e-06,0.4991796116839875,  ,  ,3.408073827881555e-06,0.4971654986929214
2.904118122827076e-06,0.4990486806117685,  ,  ,3.408093145698219e-06,0.496233221774008
2.904159372086018e-06,0.4991608087373177,  ,  ,3.408157556795458e-06,0.4939287262344212
2.91211834757984e-06,0.4990925253151319,  ,  ,3.416073851130715e-06,0.4971699720354567
2.912161794104485e-06,0.4990553159222265,  ,  ,3.416093376451652e-06,0.4961764113545972
2.920118212369357e-06,0.4990696012364338,  ,  ,3.416157591641957e-06,0.4939247577748928
2.920159973611473e-06,0.4991414809895324,  ,  ,3.424073828614146e-06,0.497165674130355
2.928118023911432e-06,0.4990371543938426,  ,  ,3.424093148250137e-06,0.4962331082256163
2.928159123078524e-06,0.4991862227363708,  ,  ,3.424157562587983e-06,0.4939282420795176
2.936117976603367e-06,0.4990311100738475,  ,  ,3.432073829566614e-06,0.4971658417711681
2.936157654019239e-06,0.4992631377472222,  ,  ,3.432093153144717e-06,0.4962325864540056
2.944118000957888e-06,0.4990382942484864,  ,  ,3.43215757409894e-06,0.493926935168081
2.944157759329089e-06,0.4992625390691217,  ,  ,3.44007382551696e-06,0.497165092798303
2.952117799963296e-06,0.4990023510186023,  ,  ,3.44009309751831e-06,0.4962461821132056
2.952157130637934e-06,0.4992987939696573,  ,  ,3.440157630315624e-06,0.4939201566206848
2.960117661025488e-06,0.4989773448989073,  ,  ,3.448073875470732e-06,0.4971747796077908
2.960155250949811e-06,0.4994005484332536,  ,  ,3.448093379712449e-06,0.4961765409509025
2.968117496219083e-06,0.4989476776356596,  ,  ,3.448157572853104e-06,0.4939271059041709
2.96815550168287e-06,0.4993906547281698,  ,  ,3.456073828637011e-06,0.4971658278373312
2.976117942795299e-06,0.4990338598412593,  ,  ,3.456093153738526e-06,0.4962326817675148
2.976157447054095e-06,0.4992918336930134,  ,  ,3.456157571500131e-06,0.4939272275117798
2.984117953353655e-06,0.4990370092825494,  ,  ,3.464073827182303e-06,0.4971653957786155
2.984157610414226e-06,0.4992864017139935,  ,  ,3.464093143501813e-06,0.4962332586545892
2.992117404288278e-06,0.4989340495352648,  ,  ,3.464157566105255e-06,0.4939271498837124
2.992153866079578e-06,0.4994895132121318,  ,  ,3.472073731895622e-06,0.4971462988942212
3.000117581132873e-06,0.4989692491754918,  ,  ,3.472093071766339e-06,0.4962515900292131
3.000154751690484e-06,0.4994428729938696,  ,  ,3.472157840771414e-06,0.4938975008091294
3.008116896960769e-06,0.4988400697267582,  ,  ,3.480073828212294e-06,0.4971655888651237
3.008152137389626e-06,0.4995953188004669,  ,  ,3.480093148367985e-06,0.496233037386468
3.016116860327147e-06,0.4988344082068522,  ,  ,3.48015756287965e-06,0.4939281744872923
3.016151713858269e-06,0.499623224973289,  ,  ,3.488073828784136e-06,0.4971657206798383
3.024117737170577e-06,0.4990032859113929,  ,  ,3.488093153669939e-06,0.496232488000878
3.024155379660431e-06,0.4994162383187621,  ,  ,3.488157841965834e-06,0.4938976258575636
3.032117737637935e-06,0.4990038055704099,  ,  ,3.496073828584987e-06,0.4971656710922335
3.032155347569277e-06,0.4994192435641617,  ,  ,3.496093153383283e-06,0.4962324368966216
3.040116793894996e-06,0.498823277423564,  ,  ,3.49615756232584e-06,0.4939281950887466
3.040151770440934e-06,0.4996260537963657,  ,  ,  ,  
3.048117704358592e-06,0.4989998297324035,  ,  ,  ,  
3.048155288567795e-06,0.499427871885157,  ,  ,  ,  
3.056117617935262e-06,0.4989848581693589,  ,  ,  ,  
3.056155257126892e-06,0.4994313996900584,  ,  ,  ,  
3.064116764323768e-06,0.49882036701491,  ,  ,  ,  
3.064151734323353e-06,0.4996328457860045,  ,  ,  ,  
3.07211701873451e-06,0.4988699038187303,  ,  ,  ,  
3.072152935280439e-06,0.4995633561001205,  ,  ,  ,  
3.080117596429851e-06,0.4989819254609913,  ,  ,  ,  
3.080155153591334e-06,0.4994406640746585,  ,  ,  ,  
3.088116682073662e-06,0.498806363601856,  ,  ,  ,  
3.088151629930107e-06,0.4996451107778216,  ,  ,  ,  
3.096117326022861e-06,0.4989324947351085,  ,  ,  ,  
3.096153458120334e-06,0.4995403900075077,  ,  ,  ,  
3.10411753216389e-06,0.4989737840112392,  ,  ,  ,  
3.104155101055752e-06,0.4994503790826197,  ,  ,  ,  
3.112117567658136e-06,0.4989820364470764,  ,  ,  ,  
3.112155065702431e-06,0.4994531626598289,  ,  ,  ,  
3.120117117244343e-06,0.4988946924107476,  ,  ,  ,  
3.120153362506334e-06,0.4995502966680772,  ,  ,  ,  
3.128116624078812e-06,0.4988000603678517,  ,  ,  ,  
3.128151444404839e-06,0.4996648848882073,  ,  ,  ,  
3.136117435492622e-06,0.4989582189589499,  ,  ,  ,  
3.136153306254989e-06,0.4995565779337733,  ,  ,  ,  
3.144116989179522e-06,0.498872106515406,  ,  ,  ,  
3.144151474245406e-06,0.4996647471638572,  ,  ,  ,  
3.152116606544166e-06,0.4987972072952469,  ,  ,  ,  
3.152151394948154e-06,0.4996702737985834,  ,  ,  ,  
3.160117024509339e-06,0.4988786515377534,  ,  ,  ,  
3.16015274052861e-06,0.4995912436851532,  ,  ,  ,  
3.168117437213853e-06,0.4989604482331626,  ,  ,  ,  
3.168153272827046e-06,0.499561508324861,  ,  ,  ,  
3.176116575941023e-06,0.4987929499489562,  ,  ,  ,  
3.176151325779877e-06,0.4996783264468789,  ,  ,  ,  
3.184116560177985e-06,0.4987908005289878,  ,  ,  ,  
3.184151321065563e-06,0.4996800774433518,  ,  ,  ,  
3.192117479348955e-06,0.4989704854857875,  ,  ,  ,  
3.192154878340105e-06,0.4994754940797813,  ,  ,  ,  
3.200117457252712e-06,0.4989662064479448,  ,  ,  ,  
3.200154318798825e-06,0.4995071053259608,  ,  ,  ,  
3.208116873315563e-06,0.4988528326391755,  ,  ,  ,  
3.208151289645952e-06,0.4996831929033997,  ,  ,  ,  
3.216116890458967e-06,0.4988563965316067,  ,  ,  ,  
3.216151279665196e-06,0.4996844392309036,  ,  ,  ,  
3.22411727452676e-06,0.4989317663247768,  ,  ,  ,  
3.22415317694072e-06,0.4995731472699649,  ,  ,  ,  
3.232116881256546e-06,0.4988551517985131,  ,  ,  ,  
3.232151298636305e-06,0.4996845232126979,  ,  ,  ,  
3.240116486693681e-06,0.4987784830194327,  ,  ,  ,  
3.240150189985384e-06,0.4997532584259039,  ,  ,  ,  
3.248116476082353e-06,0.4987769616932244,  ,  ,  ,  
3.248151265918907e-06,0.499688522597727,  ,  ,  ,  
3.256117247819551e-06,0.4989277420315716,  ,  ,  ,  
3.256153114281924e-06,0.4995795280800069,  ,  ,  ,  
3.264116881468161e-06,0.4988567146047354,  ,  ,  ,  
3.264151256531416e-06,0.499689555297003,  ,  ,  ,  
3.272117322764006e-06,0.4989426428931995,  ,  ,  ,  
3.272153102413652e-06,0.4995811670692517,  ,  ,  ,  
3.280117353213131e-06,0.4989483983444057,  ,  ,  ,  
3.280153125411597e-06,0.4995796501455297,  ,  ,  ,  
3.288117423609717e-06,0.4989621258228931,  ,  ,  ,  
3.288153111663245e-06,0.4995805900324656,  ,  ,  ,  
3.296117416106972e-06,0.4989607548887688,  ,  ,  ,  
3.296154546080578e-06,0.499499764685468,  ,  ,  ,  
3.304117412504314e-06,0.4989597917607348,  ,  ,  ,  
3.304153048912132e-06,0.4995845378145251,  ,  ,  ,  
3.312116669434224e-06,0.4988153455334058,  ,  ,  ,  
3.312150625885166e-06,0.4997293872846502,  ,  ,  ,  
3.320117380042053e-06,0.4989544369957273,  ,  ,  ,  
3.320153150063333e-06,0.499581083404188,  ,  ,  ,  
3.328117385589426e-06,0.4989555858695246,  ,  ,  ,  
3.328153023862254e-06,0.499588213065544,  ,  ,  ,  
3.336116756167715e-06,0.49883318167178,  ,  ,  ,  
3.336151191407492e-06,0.4996962271548344,  ,  ,  ,  
3.344117376693816e-06,0.4989545268547696,  ,  ,  ,  
3.344152950774224e-06,0.4995932708603533,  ,  ,  ,  
3.35211641986041e-06,0.4987677989092723,  ,  ,  ,  
3.352149245845498e-06,0.4998178927509833,  ,  ,  ,  
3.354002600865796e-06,0.4987159704295158,  ,  ,  ,  
3.360117334122835e-06,0.4989475014772905,  ,  ,  ,  
3.360153029467853e-06,0.4995900931901592,  ,  ,  ,  
3.36811726998218e-06,0.4989352869554459,  ,  ,  ,  
3.368153105879065e-06,0.499586354276504,  ,  ,  ,  
3.3761167295299e-06,0.4988301833183704,  ,  ,  ,  
3.376151238383782e-06,0.4996967943645652,  ,  ,  ,  
3.384116437689216e-06,0.4987725854484519,  ,  ,  ,  
3.384149255779855e-06,0.4998193814680012,  ,  ,  ,  
3.386019917767152e-06,0.498721892329078,  ,  ,  ,  
3.392116798806383e-06,0.4988436824373984,  ,  ,  ,  
3.392150609066238e-06,0.4997351618172493,  ,  ,  ,  
3.400117275987524e-06,0.498936670168694,  ,  ,  ,  
3.400153010723708e-06,0.4995919318408366,  ,  ,  ,  
3.408117249043306e-06,0.4989310097351974,  ,  ,  ,  
3.408153030084876e-06,0.4995902770284724,  ,  ,  ,  
3.416117289769743e-06,0.4989384199559648,  ,  ,  ,  
3.41615302489699e-06,0.4995904526205332,  ,  ,  ,  
3.424116694911496e-06,0.4988226006408443,  ,  ,  ,  
3.42415057952118e-06,0.499736496593157,  ,  ,  ,  
3.432116800446295e-06,0.498843531768248,  ,  ,  ,  
3.432152127181915e-06,0.4996440269787213,  ,  ,  ,  
3.440117262698841e-06,0.4989343571950448,  ,  ,  ,  
3.440153010771734e-06,0.4995927590117714,  ,  ,  ,  
3.448117353111149e-06,0.4989515875872638,  ,  ,  ,  
3.448153077801456e-06,0.499588449097803,  ,  ,  ,  
3.45611669676289e-06,0.4988233816925914,  ,  ,  ,  
3.456150832838427e-06,0.4997216166977377,  ,  ,  ,  
3.464117326704238e-06,0.4989461605126905,  ,  ,  ,  
3.464153031972109e-06,0.4995916442180239,  ,  ,  ,  
3.472117224418725e-06,0.4989265563739261,  ,  ,  ,  
3.472153026411392e-06,0.4995926179019108,  ,  ,  ,  
3.480117326400617e-06,0.4989473178743807,  ,  ,  ,  
3.480152567487644e-06,0.4996196068241566,  ,  ,  ,  
3.488117231563821e-06,0.4989292202552994,  ,  ,  ,  
3.488153055721755e-06,0.4995915781029007,  ,  ,  ,  
3.496117334072807e-06,0.4989494597316187,  ,  ,  ,  
3.496152922962685e-06,0.4995982236743786,  ,  ,  ,  
3.504116415558174e-06,0.4987684561192654,  ,  ,  ,  
3.504149134149267e-06,0.4998274992614223,  ,  ,  ,  
3.505758896232431e-06,0.4987176576935537,  ,  ,  ,  
3.512117357221969e-06,0.4989527440606542,  ,  ,  ,  
3.512153015499026e-06,0.4995928371752869,  ,  ,  ,  
3.520117257426278e-06,0.4989328293029069,  ,  ,  ,  
3.520152738577771e-06,0.4996089563550271,  ,  ,  ,  
3.528116994865034e-06,0.4988817868818241,  ,  ,  ,  
3.528152641470871e-06,0.499615176406103,  ,  ,  ,  
3.536117322138667e-06,0.4989466175486449,  ,  ,  ,  
3.536152915349261e-06,0.4995993406716515,  ,  ,  ,  
3.544116410606137e-06,0.4987677673635147,  ,  ,  ,  
3.544149570437351e-06,0.4998007938888959,  ,  ,  ,  
3.547621775151477e-06,0.4987386109915203,  ,  ,  ,  
3.552116707968446e-06,0.4988266759845245,  ,  ,  ,  
3.552151207445388e-06,0.4997003188939377,  ,  ,  ,  
3.560117332608019e-06,0.4989485052538478,  ,  ,  ,  
3.560152968751711e-06,0.4995967899432861,  ,  ,  ,  
3.568117314064306e-06,0.4989451775816143,  ,  ,  ,  
3.568152668615576e-06,0.4996147960900543,  ,  ,  ,  
3.576117297617277e-06,0.498941956572971,  ,  ,  ,  
3.576152927784014e-06,0.4995985712893044,  ,  ,  ,  
3.584116651598449e-06,0.4988154256943368,  ,  ,  ,  
3.584150708013853e-06,0.4997303770130166,  ,  ,  ,  
3.592117235843122e-06,0.4989293138707868,  ,  ,  ,  
3.592153106126119e-06,0.4995884165130612,  ,  ,  ,  
3.600116586958604e-06,0.498802388911029,  ,  ,  ,  
3.600150656380005e-06,0.499733118824878,  ,  ,  ,  
3.608117196903584e-06,0.4989219623928237,  ,  ,  ,  
3.608152967456262e-06,0.4995962779427929,  ,  ,  ,  
3.616117320004029e-06,0.4989461699792217,  ,  ,  ,  
3.616152897470258e-06,0.4996004214215317,  ,  ,  ,  
3.624117208477188e-06,0.4989246777769401,  ,  ,  ,  
3.624153004998342e-06,0.499594899432932,  ,  ,  ,  
3.632117203323402e-06,0.4989237948420187,  ,  ,  ,  
3.632152994525517e-06,0.4995956391980396,  ,  ,  ,  
3.640117190458358e-06,0.4989211916409075,  ,  ,  ,  
3.640152984689418e-06,0.4995964823774872,  ,  ,  ,  
3.648117305252485e-06,0.4989437525321305,  ,  ,  ,  
3.648152922002922e-06,0.4996001757605573,  ,  ,  ,  
3.656116405472706e-06,0.4987677156319992,  ,  ,  ,  
3.656149538831069e-06,0.4998044559800885,  ,  ,  ,  
3.659196539315528e-06,0.4987291066715316,  ,  ,  ,  
3.664116786617609e-06,0.4988427090345066,  ,  ,  ,  
3.664150397116925e-06,0.4997504372676257,  ,  ,  ,  
3.672117230395756e-06,0.4989290098757238,  ,  ,  ,  
3.672153095961527e-06,0.4995898527341439,  ,  ,  ,  
3.680116411244085e-06,0.4987686451117496,  ,  ,  ,  
3.680149117047962e-06,0.4998307295827963,  ,  ,  ,  
3.681694329323567e-06,0.4987160394065967,  ,  ,  ,  
3.688117186557043e-06,0.4989206924261926,  ,  ,  ,  
3.688152971462033e-06,0.4995972512487719,  ,  ,  ,  
3.696117302894028e-06,0.498943154856736,  ,  ,  ,  
3.696152730955922e-06,0.4996116383378972,  ,  ,  ,  
3.704116708618114e-06,0.4988276342663668,  ,  ,  ,  
3.704151089567828e-06,0.4997086450529324,  ,  ,  ,  
3.712117306176669e-06,0.4989437192423214,  ,  ,  ,  
3.71215262803638e-06,0.4996172852253522,  ,  ,  ,  
3.720117300027601e-06,0.4989429712022407,  ,  ,  ,  
3.720153013810938e-06,0.4995951827601189,  ,  ,  ,  
3.728117251523145e-06,0.4989335731689518,  ,  ,  ,  
3.728152554954759e-06,0.4996217671215325,  ,  ,  ,  
3.736117236022946e-06,0.4989299357841268,  ,  ,  ,  
3.736153102050621e-06,0.4995891827819106,  ,  ,  ,  
3.744117345780484e-06,0.4989508483153497,  ,  ,  ,  
3.744153551588386e-06,0.4995628557363247,  ,  ,  ,  
3.752117222647878e-06,0.4989266020642999,  ,  ,  ,  
3.752153095543469e-06,0.4995891165910621,  ,  ,  ,  
3.760117307716835e-06,0.4989434477523824,  ,  ,  ,  
3.760153077099938e-06,0.4995906108156529,  ,  ,  ,  
3.768117297907818e-06,0.4989420457433005,  ,  ,  ,  
3.768152634092681e-06,0.49961691119953,  ,  ,  ,  
3.776117320728108e-06,0.4989471700910781,  ,  ,  ,  
3.776153027934798e-06,0.4995945602931485,  ,  ,  ,  
3.784117202290139e-06,0.4989237335756287,  ,  ,  ,  
3.784153004712918e-06,0.4995956996995163,  ,  ,  ,  
3.792117315255627e-06,0.4989456150244256,  ,  ,  ,  
3.792152965244324e-06,0.4995975840907533,  ,  ,  ,  
3.800117266372414e-06,0.4989361097288102,  ,  ,  ,  
3.800152908006637e-06,0.4996007060873329,  ,  ,  ,  
3.808117228503838e-06,0.498928343786476,  ,  ,  ,  
3.80815309106884e-06,0.4995904301777404,  ,  ,  ,  
3.816116788757214e-06,0.4988420806998148,  ,  ,  ,  
3.816150979641999e-06,0.4997153806403775,  ,  ,  ,  
3.824117233408159e-06,0.498929617559091,  ,  ,  ,  
3.824152977029603e-06,0.4995971059839338,  ,  ,  ,  
3.832117331666942e-06,0.4989487113676579,  ,  ,  ,  
3.832152857317595e-06,0.4996036133237076,  ,  ,  ,  
3.840117306746016e-06,0.4989439780551178,  ,  ,  ,  
3.840152524342079e-06,0.4996233034479326,  ,  ,  ,  
3.848117221982267e-06,0.4989273815354788,  ,  ,  ,  
3.848153032630643e-06,0.4995933619332263,  ,  ,  ,  
3.85611701318479e-06,0.4988855872184468,  ,  ,  ,  
3.856151818951454e-06,0.4996638454350945,  ,  ,  ,  
3.864117331858564e-06,0.4989484638222111,  ,  ,  ,  
3.864153012511354e-06,0.4995941811716138,  ,  ,  ,  
3.872116866745877e-06,0.4988572776449234,  ,  ,  ,  
3.872151093712004e-06,0.4997080071118179,  ,  ,  ,  
3.880117075526278e-06,0.4988980736121543,  ,  ,  ,  
3.880152860074373e-06,0.49960312848151,  ,  ,  ,  
3.888117259125714e-06,0.4989344017497493,  ,  ,  ,  
3.888152906579124e-06,0.4996005014629631,  ,  ,  ,  
3.896117303173177e-06,0.4989429654325864,  ,  ,  ,  
3.896152975811959e-06,0.4995969172448504,  ,  ,  ,  
3.904117322300495e-06,0.4989472411656994,  ,  ,  ,  
3.904153012360805e-06,0.4995949498962858,  ,  ,  ,  
3.91211718430186e-06,0.4989204598381487,  ,  ,  ,  
3.912152970215465e-06,0.4995976384625782,  ,  ,  ,  
3.920117251575221e-06,0.498933599598583,  ,  ,  ,  
3.92015251759205e-06,0.499623972285123,  ,  ,  ,  
3.928117210545419e-06,0.4989256653682969,  ,  ,  ,  
3.928153009831859e-06,0.4995953996717619,  ,  ,  ,  
3.936117208781282e-06,0.4989248790569218,  ,  ,  ,  
3.936153006010593e-06,0.4995952256603454,  ,  ,  ,  
3.944116745394061e-06,0.4988341534393401,  ,  ,  ,  
3.944151136265813e-06,0.4997056037175456,  ,  ,  ,  
3.95211640060254e-06,0.4987660460497501,  ,  ,  ,  
3.952149711030634e-06,0.4997931165453989,  ,  ,  ,  
3.957518966615652e-06,0.4987598930424303,  ,  ,  ,  
3.960116402489287e-06,0.4987667985644679,  ,  ,  ,  
3.960149152867784e-06,0.4998282032682082,  ,  ,  ,  
3.961777784606188e-06,0.4987154879473461,  ,  ,  ,  
3.968117184655443e-06,0.498919837640185,  ,  ,  ,  
3.96815297470266e-06,0.4995966948536503,  ,  ,  ,  
3.976117327866384e-06,0.498947872517321,  ,  ,  ,  
3.976152902791886e-06,0.4996007736454017,  ,  ,  ,  
3.984117243001905e-06,0.49893166750049,  ,  ,  ,  
3.984152683480889e-06,0.499614391784742,  ,  ,  ,  
3.992117316904757e-06,0.4989462680107606,  ,  ,  ,  
3.992152981468373e-06,0.4995971973133325,  ,  ,  ,  
4e-06,0.4987795505642191,  ,  ,  ,  
